"id";"station_name";"longitude";"latitude";"address";"suburb";"postcode";"if_charger_working";"usb_a";"usb_c";"micro_usb";"plug_only";"establishment_type";"if_wifi";"if_bathroom";"access_type";"other_amenities";"star_rating";"mon_open";"mon_close";"tue_open";"tue_close";"wed_open";"wed_close";"thu_open";"thu_close";"fri_open";"fri_close";"sat_open";"sat_close";"sun_open";"sun_close";"if_24h";"created_at";"updated_at"
"1";"Northern Pavilion";"144.9615287";"-37.78492357";"360 Royal Parade Carlton North 3052";"Carlton North";"3052";"1";"0";"1";"1";"0";"Community Space";"2";"2";"All entrances have steps";NULL;"0";"09:00:00";"17:00:00";"09:00:00";"17:00:00";"09:00:00";"17:00:00";"09:00:00";"17:00:00";"09:00:00";"17:00:00";"09:00:00";"17:00:00";"09:00:00";"17:00:00";"0";NULL;NULL
"2";"Sydenham";"144.9518592";"-37.79640917";"10 Gatehouse Street Parkville 3052";"Parkville";"3052";"1";"0";"0";"1";"0";"Housing Support Services";"2";"1";"Main entrance is step free or with ramps";NULL;"0";"09:00:00";"17:00:00";"09:00:00";"17:00:00";"09:00:00";"17:00:00";"09:00:00";"17:00:00";"09:00:00";"17:00:00";"09:00:00";"17:00:00";"09:00:00";"17:00:00";"0";NULL;NULL
"3";"Common Ground Supportive Housing";"144.9584961";"-37.80279081";"660-674 Elizabeth Street Carlton 3000";"Carlton";"3000";"1";"0";"1";"0";"0";"Housing Support Services";"2";"1";"Main entrance is step free or with ramps";NULL;"5";"09:00:00";"17:00:00";"09:00:00";"17:00:00";"09:00:00";"17:00:00";"09:00:00";"17:00:00";"09:00:00";"17:00:00";"09:00:00";"17:00:00";"09:00:00";"17:00:00";"0";NULL;"2020-06-04 15:55:33"
"4";"State Library of Victoria";"144.9653042";"-37.80976764";"304-328 Swanston Street Melbourne City 3000";"Melbourne City";"3000";"1";"1";"1";"0";"0";"Library";"1";"1";"Entrance(s) have limited access via a small lip or a steep ramp, but alternative access available";NULL;"0";"09:00:00";"17:00:00";"09:00:00";"17:00:00";"09:00:00";"17:00:00";"09:00:00";"17:00:00";"09:00:00";"17:00:00";"09:00:00";"17:00:00";"09:00:00";"17:00:00";"0";NULL;NULL
"5";"6th Melbourne Scout Hall";"144.9280577";"-37.79191849";"55 McCracken Street Kensington 3031";"Kensington";"3031";"1";"0";"1";"1";"0";"Community Space";"2";"2";"Main entrance is step free or with ramps";NULL;"0";"09:00:00";"17:00:00";"09:00:00";"17:00:00";"09:00:00";"17:00:00";"09:00:00";"17:00:00";"09:00:00";"17:00:00";"09:00:00";"17:00:00";"09:00:00";"17:00:00";"0";NULL;NULL
"6";"Flemington Oval Pavilion";"144.9580062";"-37.79153617";"54 Flemington Road Parkville 3052";"Parkville";"3052";"1";"1";"0";"1";"0";"Community Space";"2";"2";"Main entrance is step free or with ramps";NULL;"0";"09:00:00";"17:00:00";"09:00:00";"17:00:00";"09:00:00";"17:00:00";"09:00:00";"17:00:00";"09:00:00";"17:00:00";"09:00:00";"17:00:00";"09:00:00";"17:00:00";"0";NULL;NULL
"7";"Grace Cuming Lodge";"144.951991";"-37.79630499";"14-18 Gatehouse Street North Melbourne 3051";"North Melbourne";"3051";"1";"1";"1";"0";"0";"Housing Support Services";"2";"1";"Main entrance is step free or with ramps";NULL;"0";"09:00:00";"17:00:00";"09:00:00";"17:00:00";"09:00:00";"17:00:00";"09:00:00";"17:00:00";"09:00:00";"17:00:00";"09:00:00";"17:00:00";"09:00:00";"17:00:00";"0";NULL;NULL
"8";"Ebsworth House";"144.956768";"-37.8169637";"538-542 Little Collins Street Melbourne City 3000";"Melbourne City";"3000";"1";"1";"1";"0";"1";"Housing Support Services";"2";"1";"Not determined";NULL;"0";"09:00:00";"17:00:00";"09:00:00";"17:00:00";"09:00:00";"17:00:00";"09:00:00";"17:00:00";"09:00:00";"17:00:00";"09:00:00";"17:00:00";"09:00:00";"17:00:00";"0";NULL;NULL
"9";"Gordon Reserve";"144.9740666";"-37.81233837";"74-108 Spring Street East Melbourne 3002";"East Melbourne";"3002";"1";"1";"0";"0";"0";"Community Space";"2";"2";"Not determined";NULL;"0";"09:00:00";"17:00:00";"09:00:00";"17:00:00";"09:00:00";"17:00:00";"09:00:00";"17:00:00";"09:00:00";"17:00:00";"09:00:00";"17:00:00";"09:00:00";"17:00:00";"0";NULL;NULL
"10";"Kensington Community Centre";"144.9236556";"-37.79767091";"111 Altona Street Kensington 3031";"Kensington";"3031";"1";"0";"0";"0";"0";"Community Centre";"2";"2";"Main entrance is step free or with ramps";NULL;"0";"09:00:00";"17:00:00";"09:00:00";"17:00:00";"09:00:00";"17:00:00";"09:00:00";"17:00:00";"09:00:00";"17:00:00";"09:00:00";"17:00:00";"09:00:00";"17:00:00";"0";NULL;NULL
"11";"Horizon Place";"144.9884033";"-37.81833765";"31-43 Berry Street East Melbourne 3002";"East Melbourne";"3002";"1";"0";"0";"1";"0";"Housing Support Services";"2";"1";"Main entrance is step free or with ramps";NULL;"0";"09:00:00";"17:00:00";"09:00:00";"17:00:00";"09:00:00";"17:00:00";"09:00:00";"17:00:00";"09:00:00";"17:00:00";"09:00:00";"17:00:00";"09:00:00";"17:00:00";"0";NULL;NULL
"12";"Bailly House";"144.9484676";"-37.7954409";"179-191 Flemington Road North Melbourne 3051";"North Melbourne";"3051";"1";"0";"0";"0";"0";"Housing Support Services";"2";"1";"All entrances have steps";NULL;"0";"09:00:00";"17:00:00";"09:00:00";"17:00:00";"09:00:00";"17:00:00";"09:00:00";"17:00:00";"09:00:00";"17:00:00";"09:00:00";"17:00:00";"09:00:00";"17:00:00";"0";NULL;NULL
"13";"Kathleen Syme Centre";"144.9652588";"-37.79872084";"249-263 Faraday Street Carlton 3053";"Carlton";"3053";"1";"1";"1";"0";"1";"Community Space";"2";"2";"Main entrance is step free or with ramps";NULL;"0";"09:00:00";"17:00:00";"09:00:00";"17:00:00";"09:00:00";"17:00:00";"09:00:00";"17:00:00";"09:00:00";"17:00:00";"09:00:00";"17:00:00";"09:00:00";"17:00:00";"0";NULL;NULL
"14";"Ancient Times House";"144.9689885";"-37.81126905";"116-118 Little Bourke Street Melbourne City 3000";"Melbourne City";"3000";"1";"1";"1";"1";"0";"Housing Support Services";"2";"1";"Entrance(s) have limited access via a small lip or a steep ramp, but alternative access available";NULL;"4";"09:00:00";"17:00:00";"09:00:00";"17:00:00";"09:00:00";"17:00:00";"09:00:00";"17:00:00";"09:00:00";"17:00:00";"09:00:00";"17:00:00";"09:00:00";"17:00:00";"0";NULL;"2020-06-04 16:12:51"
"15";"Newmarket Pavilion";"144.9231991";"-37.78825891";"26 Smithfield Road Kensington 3031";"Kensington";"3031";"1";"1";"1";"1";"1";"Community Space";"2";"2";"All entrances have steps";NULL;"0";"09:00:00";"17:00:00";"09:00:00";"17:00:00";"09:00:00";"17:00:00";"09:00:00";"17:00:00";"09:00:00";"17:00:00";"09:00:00";"17:00:00";"09:00:00";"17:00:00";"0";NULL;NULL
"17";"Royal Freemasons Homes Of Victoria";"144.9833995";"-37.84761554";"31-75 Moubray Street Prahran 3004";"Prahran";"3004";"1";"0";"0";"1";"0";"Housing Support Services";"2";"1";"Not determined";NULL;"0";"09:00:00";"17:00:00";"09:00:00";"17:00:00";"09:00:00";"17:00:00";"09:00:00";"17:00:00";"09:00:00";"17:00:00";"09:00:00";"17:00:00";"09:00:00";"17:00:00";"0";NULL;NULL
"18";"Treasury Gardens";"144.9759643";"-37.81400001";"2-18 Spring Street East Melbourne 3000";"East Melbourne";"3000";"1";"0";"1";"1";"1";"Community Space";"2";"2";"Not determined";NULL;"0";"09:00:00";"17:00:00";"09:00:00";"17:00:00";"09:00:00";"17:00:00";"09:00:00";"17:00:00";"09:00:00";"17:00:00";"09:00:00";"17:00:00";"09:00:00";"17:00:00";"0";NULL;NULL
"19";"Shepparton House";"144.9530125";"-37.79549987";"54-56 Gatehouse Street Parkville 3052";"Parkville";"3052";"1";"0";"1";"1";"1";"Housing Support Services";"2";"1";"Not determined";NULL;"0";"09:00:00";"17:00:00";"09:00:00";"17:00:00";"09:00:00";"17:00:00";"09:00:00";"17:00:00";"09:00:00";"17:00:00";"09:00:00";"17:00:00";"09:00:00";"17:00:00";"0";NULL;NULL
"20";"Toilet Southbank Promenade";"144.9647295";"-37.82037814";"2 Southgate Avenue Southbank 3006";"Southbank";"3006";"1";"0";"1";"0";"0";"Community Space";"2";"2";"Main entrance is step free or with ramps";NULL;"0";"09:00:00";"17:00:00";"09:00:00";"17:00:00";"09:00:00";"17:00:00";"09:00:00";"17:00:00";"09:00:00";"17:00:00";"09:00:00";"17:00:00";"09:00:00";"17:00:00";"0";NULL;NULL
"21";"Lincoln Square";"144.9628798";"-37.80241848";"138-142 Bouverie Street Carlton 3053";"Carlton";"3053";"1";"1";"0";"1";"0";"Community Space";"2";"2";"Not determined";NULL;"0";"09:00:00";"17:00:00";"09:00:00";"17:00:00";"09:00:00";"17:00:00";"09:00:00";"17:00:00";"09:00:00";"17:00:00";"09:00:00";"17:00:00";"09:00:00";"17:00:00";"0";NULL;NULL
"22";"Northern Pavillion";"144.9814694";"-37.84133159";"Toorak Road South Yarra 3004";"South Yarra";"3004";"1";"1";"0";"0";"1";"Community Space";"2";"2";"All entrances have steps";NULL;"0";"09:00:00";"17:00:00";"09:00:00";"17:00:00";"09:00:00";"17:00:00";"09:00:00";"17:00:00";"09:00:00";"17:00:00";"09:00:00";"17:00:00";"09:00:00";"17:00:00";"0";NULL;NULL
"23";"The Venny";"144.9236556";"-37.79767091";"85 Kensington Road Kensington 3031";"Kensington";"3031";"1";"1";"1";"1";"0";"Community Space";"2";"2";"Main entrance is step free or with ramps";NULL;"0";"09:00:00";"17:00:00";"09:00:00";"17:00:00";"09:00:00";"17:00:00";"09:00:00";"17:00:00";"09:00:00";"17:00:00";"09:00:00";"17:00:00";"09:00:00";"17:00:00";"0";NULL;NULL
"24";"Kings Domain";"144.9736359";"-37.82736796";"Alexandra Avenue Melbourne City 3004";"Melbourne City";"3004";"1";"1";"1";"0";"1";"Community Space";"2";"2";"Not determined";NULL;"0";"09:00:00";"17:00:00";"09:00:00";"17:00:00";"09:00:00";"17:00:00";"09:00:00";"17:00:00";"09:00:00";"17:00:00";"09:00:00";"17:00:00";"09:00:00";"17:00:00";"0";NULL;NULL
"25";"Kensington Neighbourhood Centre";"144.9285285";"-37.78930472";"18 Anthony Street Kensington 3031";"Kensington";"3031";"1";"0";"1";"1";"1";"Community Space";"2";"2";"Main entrance is step free or with ramps";NULL;"0";"09:00:00";"17:00:00";"09:00:00";"17:00:00";"09:00:00";"17:00:00";"09:00:00";"17:00:00";"09:00:00";"17:00:00";"09:00:00";"17:00:00";"09:00:00";"17:00:00";"0";NULL;NULL
"26";"Bill Vanina Pavillion";"144.9236556";"-37.79767091";"1A Childers Street Kensington 3031";"Kensington";"3031";"1";"0";"0";"1";"1";"Community Space";"2";"2";"Not determined";NULL;"0";"09:00:00";"17:00:00";"09:00:00";"17:00:00";"09:00:00";"17:00:00";"09:00:00";"17:00:00";"09:00:00";"17:00:00";"09:00:00";"17:00:00";"09:00:00";"17:00:00";"0";NULL;NULL
"27";"Library at The Dock";"144.9405244";"-37.82003429";"107-117 Victoria Harbour Promenade Docklands 3008";"Docklands";"3008";"1";"1";"1";"0";"1";"Library";"1";"1";"Main entrance is step free or with ramps";NULL;"0";"09:00:00";"17:00:00";"09:00:00";"17:00:00";"09:00:00";"17:00:00";"09:00:00";"17:00:00";"09:00:00";"17:00:00";"09:00:00";"17:00:00";"09:00:00";"17:00:00";"0";NULL;NULL
"28";"Princess Park Sporting Grounds";"144.9615287";"-37.78492357";"200-590 Royal Parade Carlton North 3052";"Carlton North";"3052";"1";"1";"1";"0";"0";"Community Space";"2";"2";"Not determined";NULL;"0";"09:00:00";"17:00:00";"09:00:00";"17:00:00";"09:00:00";"17:00:00";"09:00:00";"17:00:00";"09:00:00";"17:00:00";"09:00:00";"17:00:00";"09:00:00";"17:00:00";"0";NULL;NULL
"29";"Community Hub at The Dock";"144.9398656";"-37.82015738";"912 Collins Street Docklands 3008";"Docklands";"3008";"1";"1";"0";"1";"0";"Community Centre";"2";"2";"Main entrance is step free or with ramps";NULL;"0";"09:00:00";"17:00:00";"09:00:00";"17:00:00";"09:00:00";"17:00:00";"09:00:00";"17:00:00";"09:00:00";"17:00:00";"09:00:00";"17:00:00";"09:00:00";"17:00:00";"0";NULL;NULL
"31";"Sydenham";"144.9518153";"-37.79644448";"8 Gatehouse Street Parkville 3052";"Parkville";"3052";"1";"0";"0";"0";"0";"Housing Support Services";"2";"1";"Main entrance is step free or with ramps";NULL;"0";"09:00:00";"17:00:00";"09:00:00";"17:00:00";"09:00:00";"17:00:00";"09:00:00";"17:00:00";"09:00:00";"17:00:00";"09:00:00";"17:00:00";"09:00:00";"17:00:00";"0";NULL;NULL
"32";"St Francis Church Monastry";"144.9626042";"-37.81157665";"326 Lonsdale Street Melbourne City 3000";"Melbourne City";"3000";"1";"0";"1";"0";"0";"Housing Support Services";"2";"1";"All entrances have steps";NULL;"0";"09:00:00";"17:00:00";"09:00:00";"17:00:00";"09:00:00";"17:00:00";"09:00:00";"17:00:00";"09:00:00";"17:00:00";"09:00:00";"17:00:00";"09:00:00";"17:00:00";"0";NULL;NULL
"33";"Cardigan Street Park";"144.9662277";"-37.79436683";"469-473 Cardigan Street Carlton 3053";"Carlton";"3053";"1";"1";"0";"0";"1";"Community Space";"2";"2";"Main entrance is step free or with ramps";NULL;"0";"09:00:00";"17:00:00";"09:00:00";"17:00:00";"09:00:00";"17:00:00";"09:00:00";"17:00:00";"09:00:00";"17:00:00";"09:00:00";"17:00:00";"09:00:00";"17:00:00";"0";NULL;NULL
"34";"Mercy Place East Melbourne";"144.9841787";"-37.81228396";"22 Verona Lane East Melbourne 3002";"East Melbourne";"3002";"1";"0";"0";"1";"0";"Housing Support Services";"2";"1";"Main entrance is step free or with ramps";NULL;"0";"09:00:00";"17:00:00";"09:00:00";"17:00:00";"09:00:00";"17:00:00";"09:00:00";"17:00:00";"09:00:00";"17:00:00";"09:00:00";"17:00:00";"09:00:00";"17:00:00";"0";NULL;NULL
"35";"Elderly Chinese Home";"144.9404594";"-37.78384345";"125-133 Manningham Street Parkville 3000";"Parkville";"3000";"1";"1";"1";"1";"1";"Housing Support Services";"2";"1";"Main entrance is step free or with ramps";NULL;"0";"09:00:00";"17:00:00";"09:00:00";"17:00:00";"09:00:00";"17:00:00";"09:00:00";"17:00:00";"09:00:00";"17:00:00";"09:00:00";"17:00:00";"09:00:00";"17:00:00";"0";NULL;NULL
"36";"Murchison House";"144.9529423";"-37.79555551";"52 Gatehouse Street Parkville 3052";"Parkville";"3052";"1";"1";"1";"1";"0";"Housing Support Services";"2";"1";"All entrances have steps";NULL;"0";"09:00:00";"17:00:00";"09:00:00";"17:00:00";"09:00:00";"17:00:00";"09:00:00";"17:00:00";"09:00:00";"17:00:00";"09:00:00";"17:00:00";"09:00:00";"17:00:00";"0";NULL;NULL
"37";"Grace Cuming Lodge";"144.9519024";"-37.79637412";"12 Gatehouse Street Parkville 3052";"Parkville";"3052";"1";"1";"0";"1";"1";"Housing Support Services";"2";"1";"Main entrance is step free or with ramps";NULL;"0";"09:00:00";"17:00:00";"09:00:00";"17:00:00";"09:00:00";"17:00:00";"09:00:00";"17:00:00";"09:00:00";"17:00:00";"09:00:00";"17:00:00";"09:00:00";"17:00:00";"0";NULL;NULL
"38";"Southern Pavilion";"144.9615287";"-37.78492357";"240 Royal Parade Carlton North 3052";"Carlton North";"3052";"1";"1";"1";"1";"0";"Community Space";"2";"2";"All entrances have steps";NULL;"0";"09:00:00";"17:00:00";"09:00:00";"17:00:00";"09:00:00";"17:00:00";"09:00:00";"17:00:00";"09:00:00";"17:00:00";"09:00:00";"17:00:00";"09:00:00";"17:00:00";"0";NULL;NULL
"39";"Kensington Town Hall";"144.9285285";"-37.78930472";"30-34 Bellair Street Kensington 3031";"Kensington";"3031";"1";"1";"1";"0";"1";"Community Space";"2";"2";"Entrance(s) have limited access via a small lip or a steep ramp, but alternative access available";NULL;"0";"09:00:00";"17:00:00";"09:00:00";"17:00:00";"09:00:00";"17:00:00";"09:00:00";"17:00:00";"09:00:00";"17:00:00";"09:00:00";"17:00:00";"09:00:00";"17:00:00";"0";NULL;NULL
"40";"Kensington Neighbourhood House";"144.9280055";"-37.79324379";"89 McCracken Street Kensington 3031";"Kensington";"3031";"1";"1";"1";"0";"0";"Housing Support Services";"2";"2";"Entrance(s) have limited access via a small lip or a steep ramp, but alternative access available";NULL;"0";"09:00:00";"17:00:00";"09:00:00";"17:00:00";"09:00:00";"17:00:00";"09:00:00";"17:00:00";"09:00:00";"17:00:00";"09:00:00";"17:00:00";"09:00:00";"17:00:00";"0";NULL;NULL
"41";"Southern Pavillion";"144.9814694";"-37.84133159";"Commercial Road South Yarra 3004";"South Yarra";"3004";"1";"1";"0";"0";"1";"Community Space";"2";"2";"All entrances have steps";NULL;"0";"09:00:00";"17:00:00";"09:00:00";"17:00:00";"09:00:00";"17:00:00";"09:00:00";"17:00:00";"09:00:00";"17:00:00";"09:00:00";"17:00:00";"09:00:00";"17:00:00";"0";NULL;NULL
"42";"Hub@Docklands";"144.9475177";"-37.81974985";"68-90 Harbour Esplanade Docklands 3008";"Docklands";"3008";"1";"1";"0";"0";"0";"Community Centre";"2";"2";"Main entrance is step free or with ramps";NULL;"0";"09:00:00";"17:00:00";"09:00:00";"17:00:00";"09:00:00";"17:00:00";"09:00:00";"17:00:00";"09:00:00";"17:00:00";"09:00:00";"17:00:00";"09:00:00";"17:00:00";"0";NULL;NULL
"43";"Altona Library";"144.8290721";"-37.869153";"123 Queen Street  Altona  3018";"Altona";"3018";"1";"1";"1";"0";"0";"Library";"1";"1";"Main entrance is step free or with ramps";NULL;"0";"09:00:00";"17:00:00";"09:00:00";"17:00:00";"09:00:00";"17:00:00";"09:00:00";"17:00:00";"09:00:00";"17:00:00";"09:00:00";"17:00:00";"09:00:00";"17:00:00";"0";NULL;NULL
"44";"Altona Meadows Library";"144.7726799";"-37.87386228";"2 Newham Way  Altona Meadows  3025";"Altona Meadows";"3025";"0";"1";"0";"1";"1";"Library";"1";"1";"Main entrance is step free or with ramps";NULL;"0";"09:00:00";"17:00:00";"09:00:00";"17:00:00";"09:00:00";"17:00:00";"09:00:00";"17:00:00";"09:00:00";"17:00:00";"09:00:00";"17:00:00";"09:00:00";"17:00:00";"0";NULL;NULL
"45";"Ascot Vale Library";"144.9155657";"-37.77402158";"165 Union Road  Ascot Vale  3032";"Ascot Vale";"3032";"1";"1";"1";"1";"0";"Library";"1";"1";"Main entrance is step free or with ramps";NULL;"0";"09:00:00";"17:00:00";"09:00:00";"17:00:00";"09:00:00";"17:00:00";"09:00:00";"17:00:00";"09:00:00";"17:00:00";"09:00:00";"17:00:00";"09:00:00";"17:00:00";"0";NULL;NULL
"46";"Ashburton Library";"145.0768989";"-37.86323577";"154 High Street  Ashburton  3147";"Ashburton";"3147";"1";"0";"1";"0";"0";"Library";"1";"1";"Main entrance is step free or with ramps";NULL;"0";"09:00:00";"17:00:00";"09:00:00";"17:00:00";"09:00:00";"17:00:00";"09:00:00";"17:00:00";"09:00:00";"17:00:00";"09:00:00";"17:00:00";"09:00:00";"17:00:00";"0";NULL;NULL
"47";"Bacchus Marsh Library";"144.4364085";"-37.67568108";"Main Street  Bacchus Marsh  3340";"Bacchus Marsh";"3340";"1";"0";"0";"0";"1";"Library";"1";"1";"Main entrance is step free or with ramps";NULL;"0";"09:00:00";"17:00:00";"09:00:00";"17:00:00";"09:00:00";"17:00:00";"09:00:00";"17:00:00";"09:00:00";"17:00:00";"09:00:00";"17:00:00";"09:00:00";"17:00:00";"0";NULL;NULL
"48";"Balwyn Library";"145.085528";"-37.81352265";"336 Whitehorse Road  Balwyn  3103";"Balwyn";"3103";"1";"1";"0";"0";"1";"Library";"1";"1";"Main entrance is step free or with ramps";NULL;"0";"09:00:00";"17:00:00";"09:00:00";"17:00:00";"09:00:00";"17:00:00";"09:00:00";"17:00:00";"09:00:00";"17:00:00";"09:00:00";"17:00:00";"09:00:00";"17:00:00";"0";NULL;NULL
"49";"Beaumaris Library";"145.0337148";"-37.98180541";"96 Reserve Road  Beaumaris  3193";"Beaumaris";"3193";"1";"0";"0";"1";"0";"Library";"1";"1";"Main entrance is step free or with ramps";NULL;"0";"09:00:00";"17:00:00";"09:00:00";"17:00:00";"09:00:00";"17:00:00";"09:00:00";"17:00:00";"09:00:00";"17:00:00";"09:00:00";"17:00:00";"09:00:00";"17:00:00";"0";NULL;NULL
"50";"Belgrave Library";"145.35256";"-37.90894";"Reynolds Lane  Belgrave  3160";"Belgrave";"3160";"1";"1";"1";"0";"0";"Library";"1";"1";"Main entrance is step free or with ramps";NULL;"0";"09:00:00";"17:00:00";"09:00:00";"17:00:00";"09:00:00";"17:00:00";"09:00:00";"17:00:00";"09:00:00";"17:00:00";"09:00:00";"17:00:00";"09:00:00";"17:00:00";"0";NULL;NULL
"51";"Bentleigh Library";"145.041327";"-37.91958552";"161 Jasper Road  Bentleigh  3204";"Bentleigh";"3204";"1";"1";"0";"0";"0";"Library";"1";"1";"Main entrance is step free or with ramps";NULL;"0";"09:00:00";"17:00:00";"09:00:00";"17:00:00";"09:00:00";"17:00:00";"09:00:00";"17:00:00";"09:00:00";"17:00:00";"09:00:00";"17:00:00";"09:00:00";"17:00:00";"0";NULL;NULL
"52";"Blackburn Library";"145.1522567";"-37.82169492";"Cnr Blackburn & Central Roads  Blackburn  3130";"Blackburn";"3130";"1";"0";"0";"0";"0";"Library";"1";"1";"Main entrance is step free or with ramps";NULL;"0";"09:00:00";"17:00:00";"09:00:00";"17:00:00";"09:00:00";"17:00:00";"09:00:00";"17:00:00";"09:00:00";"17:00:00";"09:00:00";"17:00:00";"09:00:00";"17:00:00";"0";NULL;NULL
"53";"Boronia Library";"145.28449";"-37.86382";"Park Crescent  Boronia  3155";"Boronia";"3155";"1";"1";"1";"0";"1";"Library";"1";"1";"Main entrance is step free or with ramps";NULL;"0";"09:00:00";"17:00:00";"09:00:00";"17:00:00";"09:00:00";"17:00:00";"09:00:00";"17:00:00";"09:00:00";"17:00:00";"09:00:00";"17:00:00";"09:00:00";"17:00:00";"0";NULL;NULL
"54";"Box Hill Library";"145.1267976";"-37.81834525";"1040 Whitehorse Road  Box Hill  3128";"Box Hill";"3128";"1";"0";"1";"1";"0";"Library";"1";"1";"Main entrance is step free or with ramps";NULL;"0";"09:00:00";"17:00:00";"09:00:00";"17:00:00";"09:00:00";"17:00:00";"09:00:00";"17:00:00";"09:00:00";"17:00:00";"09:00:00";"17:00:00";"09:00:00";"17:00:00";"0";NULL;NULL
"55";"Brighton Library";"144.997607";"-37.91087399";"14 Wilson Street  Brighton  3186";"Brighton";"3186";"1";"1";"0";"1";"0";"Library";"1";"1";"Main entrance is step free or with ramps";NULL;"0";"09:00:00";"17:00:00";"09:00:00";"17:00:00";"09:00:00";"17:00:00";"09:00:00";"17:00:00";"09:00:00";"17:00:00";"09:00:00";"17:00:00";"09:00:00";"17:00:00";"0";NULL;NULL
"56";"Brunswick Library";"144.961131";"-37.77191";"Corner of Sydney Road and Dawson Street  Brunswick  3056";"Brunswick";"3056";"1";"1";"0";"1";"0";"Library";"1";"1";"Main entrance is step free or with ramps";NULL;"0";"09:00:00";"17:00:00";"09:00:00";"17:00:00";"09:00:00";"17:00:00";"09:00:00";"17:00:00";"09:00:00";"17:00:00";"09:00:00";"17:00:00";"09:00:00";"17:00:00";"0";NULL;NULL
"57";"Bulleen Library";"145.09179";"-37.76587";"Bulleen Plaza  Manningham Road  Bulleen  3105";"Bulleen";"3105";"1";"0";"0";"1";"0";"Library";"1";"1";"Main entrance is step free or with ramps";NULL;"0";"09:00:00";"17:00:00";"09:00:00";"17:00:00";"09:00:00";"17:00:00";"09:00:00";"17:00:00";"09:00:00";"17:00:00";"09:00:00";"17:00:00";"09:00:00";"17:00:00";"0";NULL;NULL
"58";"Camberwell Library";"145.0589637";"-37.83498667";"25 Inglesby Road  Camberwell  3124";"Camberwell";"3124";"1";"1";"0";"0";"1";"Library";"1";"1";"Main entrance is step free or with ramps";NULL;"0";"09:00:00";"17:00:00";"09:00:00";"17:00:00";"09:00:00";"17:00:00";"09:00:00";"17:00:00";"09:00:00";"17:00:00";"09:00:00";"17:00:00";"09:00:00";"17:00:00";"0";NULL;NULL
"59";"Campbell Turnbull Library";"144.9458868";"-37.75444878";"220 Melville Road  Campbell Turnbull Library  3055";"Campbell Turnbull";"3055";"1";"1";"1";"0";"0";"Library";"1";"1";"Main entrance is step free or with ramps";NULL;"0";"09:00:00";"17:00:00";"09:00:00";"17:00:00";"09:00:00";"17:00:00";"09:00:00";"17:00:00";"09:00:00";"17:00:00";"09:00:00";"17:00:00";"09:00:00";"17:00:00";"0";NULL;NULL
"60";"Carlton Library";"144.9715862";"-37.78951849";"667 Rathdowne Street  Carlton  3054";"Carlton";"3054";"1";"0";"1";"1";"1";"Library";"1";"1";"Main entrance is step free or with ramps";NULL;"0";"09:00:00";"17:00:00";"09:00:00";"17:00:00";"09:00:00";"17:00:00";"09:00:00";"17:00:00";"09:00:00";"17:00:00";"09:00:00";"17:00:00";"09:00:00";"17:00:00";"0";NULL;NULL
"61";"Carnegie Library";"145.0582785";"-37.88744034";"7 Shepparson Avenue  Carnegie  3163";"Carnegie";"3163";"1";"0";"0";"1";"0";"Library";"1";"1";"Main entrance is step free or with ramps";NULL;"0";"09:00:00";"17:00:00";"09:00:00";"17:00:00";"09:00:00";"17:00:00";"09:00:00";"17:00:00";"09:00:00";"17:00:00";"09:00:00";"17:00:00";"09:00:00";"17:00:00";"0";NULL;NULL
"62";"Carrum Downs Library";"145.179497";"-38.10867319";"203 Lyrebird Drive  Carrum Downs  3201";"Carrum Downs";"3201";"1";"0";"0";"0";"1";"Library";"1";"1";"Main entrance is step free or with ramps";NULL;"0";"09:00:00";"17:00:00";"09:00:00";"17:00:00";"09:00:00";"17:00:00";"09:00:00";"17:00:00";"09:00:00";"17:00:00";"09:00:00";"17:00:00";"09:00:00";"17:00:00";"0";NULL;NULL
"63";"Caulfield Library";"145.02291";"-37.8800209";"Cnr Glen Eira & Hawthorn Roads  Caulfield  3162";"Caulfield";"3162";"1";"0";"0";"0";"1";"Library";"1";"1";"Main entrance is step free or with ramps";NULL;"0";"09:00:00";"17:00:00";"09:00:00";"17:00:00";"09:00:00";"17:00:00";"09:00:00";"17:00:00";"09:00:00";"17:00:00";"09:00:00";"17:00:00";"09:00:00";"17:00:00";"0";NULL;NULL
"64";"Chelsea Library";"145.1161004";"-38.05060886";"1 Chelsea Road  Chelsea  3196";"Chelsea";"3196";"1";"1";"1";"0";"1";"Library";"1";"1";"Main entrance is step free or with ramps";NULL;"0";"09:00:00";"17:00:00";"09:00:00";"17:00:00";"09:00:00";"17:00:00";"09:00:00";"17:00:00";"09:00:00";"17:00:00";"09:00:00";"17:00:00";"09:00:00";"17:00:00";"0";NULL;NULL
"65";"Cheltenham Library";"145.0565558";"-37.96766324";"12 Stanley Avenue  Cheltenham  3192";"Cheltenham";"3192";"1";"0";"0";"1";"1";"Library";"1";"1";"Main entrance is step free or with ramps";NULL;"0";"09:00:00";"17:00:00";"09:00:00";"17:00:00";"09:00:00";"17:00:00";"09:00:00";"17:00:00";"09:00:00";"17:00:00";"09:00:00";"17:00:00";"09:00:00";"17:00:00";"0";NULL;NULL
"66";"Cinemedia Library";"144.962147";"-37.83478331";"222 Park Street  Cinemedia  3205";"Cinemedia";"3205";"1";"0";"1";"0";"1";"Library";"1";"1";"Main entrance is step free or with ramps";NULL;"0";"09:00:00";"17:00:00";"09:00:00";"17:00:00";"09:00:00";"17:00:00";"09:00:00";"17:00:00";"09:00:00";"17:00:00";"09:00:00";"17:00:00";"09:00:00";"17:00:00";"0";NULL;NULL
"67";"City Library";"144.9658414";"-37.81694088";"253 Flinders Lane  Melbourne  City Library  3000";"City";"3000";"1";"0";"1";"0";"1";"Library";"1";"1";"Main entrance is step free or with ramps";NULL;"4";"09:00:00";"17:00:00";"09:00:00";"17:00:00";"09:00:00";"17:00:00";"09:00:00";"17:00:00";"09:00:00";"17:00:00";"09:00:00";"17:00:00";"09:00:00";"17:00:00";"0";NULL;"2020-05-25 13:02:35"
"68";"Clarinda Library";"145.1021123";"-37.94047325";"58 Viney Street  Clarinda  3169";"Clarinda";"3169";"1";"0";"0";"0";"1";"Library";"1";"1";"Main entrance is step free or with ramps";NULL;"0";"09:00:00";"17:00:00";"09:00:00";"17:00:00";"09:00:00";"17:00:00";"09:00:00";"17:00:00";"09:00:00";"17:00:00";"09:00:00";"17:00:00";"09:00:00";"17:00:00";"0";NULL;NULL
"69";"Clayton Library";"145.11851";"-37.92678";"Cooke Street  Clayton  3168";"Clayton";"3168";"1";"0";"1";"0";"1";"Library";"1";"1";"Main entrance is step free or with ramps";NULL;"0";"09:00:00";"17:00:00";"09:00:00";"17:00:00";"09:00:00";"17:00:00";"09:00:00";"17:00:00";"09:00:00";"17:00:00";"09:00:00";"17:00:00";"09:00:00";"17:00:00";"0";NULL;NULL
"70";"Coburg Library";"144.96533";"-37.74325";"Cnr Victoria & Louisa Streets  Coburg  3058";"Coburg";"3058";"1";"1";"1";"0";"0";"Library";"1";"1";"Main entrance is step free or with ramps";NULL;"0";"09:00:00";"17:00:00";"09:00:00";"17:00:00";"09:00:00";"17:00:00";"09:00:00";"17:00:00";"09:00:00";"17:00:00";"09:00:00";"17:00:00";"09:00:00";"17:00:00";"0";NULL;NULL
"71";"Collingwood Library";"144.9930806";"-37.80443139";"11 Stanton Street  Abbotsford  Collingwood  3067";"Collingwood";"3067";"1";"1";"1";"1";"1";"Library";"1";"1";"Main entrance is step free or with ramps";NULL;"0";"09:00:00";"17:00:00";"09:00:00";"17:00:00";"09:00:00";"17:00:00";"09:00:00";"17:00:00";"09:00:00";"17:00:00";"09:00:00";"17:00:00";"09:00:00";"17:00:00";"0";NULL;NULL
"72";"Craigieburn Library";"144.9339585";"-37.59831531";"59 Craigieburn Road  Craigieburn  3064";"Craigieburn";"3064";"1";"1";"0";"0";"0";"Library";"1";"1";"Main entrance is step free or with ramps";NULL;"0";"09:00:00";"17:00:00";"09:00:00";"17:00:00";"09:00:00";"17:00:00";"09:00:00";"17:00:00";"09:00:00";"17:00:00";"09:00:00";"17:00:00";"09:00:00";"17:00:00";"0";NULL;NULL
"73";"Cranbourne Library";"145.2965794";"-38.11468016";"65 Berwick-Cranbourne Road  Cranbourne  3977";"Cranbourne";"3977";"1";"1";"0";"1";"1";"Library";"1";"1";"Main entrance is step free or with ramps";NULL;"0";"09:00:00";"17:00:00";"09:00:00";"17:00:00";"09:00:00";"17:00:00";"09:00:00";"17:00:00";"09:00:00";"17:00:00";"09:00:00";"17:00:00";"09:00:00";"17:00:00";"0";NULL;NULL
"74";"Croydon Library";"145.2817";"-37.80057";"Civic Square  Croydon  3136";"Croydon";"3136";"1";"0";"0";"0";"0";"Library";"1";"1";"Main entrance is step free or with ramps";NULL;"0";"09:00:00";"17:00:00";"09:00:00";"17:00:00";"09:00:00";"17:00:00";"09:00:00";"17:00:00";"09:00:00";"17:00:00";"09:00:00";"17:00:00";"09:00:00";"17:00:00";"0";NULL;NULL
"75";"Dandenong Library";"145.217634";"-37.984241";"Stuart Street  Dandenong  3175";"Dandenong";"3175";"1";"1";"0";"0";"0";"Library";"1";"1";"Main entrance is step free or with ramps";NULL;"0";"09:00:00";"17:00:00";"09:00:00";"17:00:00";"09:00:00";"17:00:00";"09:00:00";"17:00:00";"09:00:00";"17:00:00";"09:00:00";"17:00:00";"09:00:00";"17:00:00";"0";NULL;NULL
"76";"Deer Park Library";"144.77732";"-37.75221";"Cnr Neale & Station Roads  Deer Park  3023";"Deer Park";"3023";"1";"0";"0";"0";"0";"Library";"1";"1";"Main entrance is step free or with ramps";NULL;"0";"09:00:00";"17:00:00";"09:00:00";"17:00:00";"09:00:00";"17:00:00";"09:00:00";"17:00:00";"09:00:00";"17:00:00";"09:00:00";"17:00:00";"09:00:00";"17:00:00";"0";NULL;NULL
"77";"Diamond Valley Library";"145.1094963";"-37.68833679";"Civic Drive  Diamond Valley  3088";"Diamond Valley";"3088";"1";"1";"1";"0";"0";"Library";"1";"1";"Main entrance is step free or with ramps";NULL;"0";"09:00:00";"17:00:00";"09:00:00";"17:00:00";"09:00:00";"17:00:00";"09:00:00";"17:00:00";"09:00:00";"17:00:00";"09:00:00";"17:00:00";"09:00:00";"17:00:00";"0";NULL;NULL
"78";"Dingley Library";"145.1344779";"-37.9819023";"31C Marcus Road  Dingley  3172";"Dingley";"3172";"1";"1";"1";"1";"0";"Library";"1";"1";"Main entrance is step free or with ramps";NULL;"0";"09:00:00";"17:00:00";"09:00:00";"17:00:00";"09:00:00";"17:00:00";"09:00:00";"17:00:00";"09:00:00";"17:00:00";"09:00:00";"17:00:00";"09:00:00";"17:00:00";"0";NULL;NULL
"79";"Doveton Library";"145.238459";"-37.994749";"Autumn Place  Doveton  3177";"Doveton";"3177";"1";"0";"1";"0";"0";"Library";"1";"1";"Main entrance is step free or with ramps";NULL;"0";"09:00:00";"17:00:00";"09:00:00";"17:00:00";"09:00:00";"17:00:00";"09:00:00";"17:00:00";"09:00:00";"17:00:00";"09:00:00";"17:00:00";"09:00:00";"17:00:00";"0";NULL;NULL
"80";"East Keilor Library";"144.860684";"-37.749505";"Cnr Buckley Street & Milleara Road  East Keilor  3033";"East Keilor";"3033";"1";"0";"1";"0";"1";"Library";"1";"1";"Main entrance is step free or with ramps";NULL;"0";"09:00:00";"17:00:00";"09:00:00";"17:00:00";"09:00:00";"17:00:00";"09:00:00";"17:00:00";"09:00:00";"17:00:00";"09:00:00";"17:00:00";"09:00:00";"17:00:00";"0";NULL;NULL
"81";"East Melbourne Library";"144.9865314";"-37.81537953";"122 George St  East Melbourne  3002";"East Melbourne";"3002";"1";"1";"1";"1";"0";"Library";"1";"1";"Main entrance is step free or with ramps";NULL;"0";"09:00:00";"17:00:00";"09:00:00";"17:00:00";"09:00:00";"17:00:00";"09:00:00";"17:00:00";"09:00:00";"17:00:00";"09:00:00";"17:00:00";"09:00:00";"17:00:00";"0";NULL;NULL
"82";"Elsternwick Library";"145.0044487";"-37.88414449";"4 Staniland Grove  Elsternwick  3185";"Elsternwick";"3185";"1";"1";"0";"0";"0";"Library";"1";"1";"Main entrance is step free or with ramps";NULL;"0";"09:00:00";"17:00:00";"09:00:00";"17:00:00";"09:00:00";"17:00:00";"09:00:00";"17:00:00";"09:00:00";"17:00:00";"09:00:00";"17:00:00";"09:00:00";"17:00:00";"0";NULL;NULL
"83";"Eltham Library";"145.14616";"-37.716198";"Panther Place  Eltham  3095";"Eltham";"3095";"1";"1";"1";"0";"1";"Library";"1";"1";"Main entrance is step free or with ramps";NULL;"0";"09:00:00";"17:00:00";"09:00:00";"17:00:00";"09:00:00";"17:00:00";"09:00:00";"17:00:00";"09:00:00";"17:00:00";"09:00:00";"17:00:00";"09:00:00";"17:00:00";"0";NULL;NULL
"84";"Emerald Library";"145.4450282";"-37.92952552";"400B Belgrave-Gembrook Road  Emerald  3782";"Emerald";"3782";"1";"0";"1";"1";"1";"Library";"1";"1";"Main entrance is step free or with ramps";NULL;"0";"09:00:00";"17:00:00";"09:00:00";"17:00:00";"09:00:00";"17:00:00";"09:00:00";"17:00:00";"09:00:00";"17:00:00";"09:00:00";"17:00:00";"09:00:00";"17:00:00";"0";NULL;NULL
"85";"Emerald Hill Library";"144.9603427";"-37.83469798";"195 Bank Street  Emerald Hill  3205";"Emerald Hill";"3205";"1";"0";"1";"1";"1";"Library";"1";"1";"Main entrance is step free or with ramps";NULL;"0";"09:00:00";"17:00:00";"09:00:00";"17:00:00";"09:00:00";"17:00:00";"09:00:00";"17:00:00";"09:00:00";"17:00:00";"09:00:00";"17:00:00";"09:00:00";"17:00:00";"0";NULL;NULL
"86";"Endeavour Hills Library";"145.259917";"-37.978239";"Raymond McMahon Blvd  Endeavour Hills  3802";"Endeavour Hills";"3802";"1";"0";"1";"0";"0";"Library";"1";"1";"Main entrance is step free or with ramps";NULL;"0";"09:00:00";"17:00:00";"09:00:00";"17:00:00";"09:00:00";"17:00:00";"09:00:00";"17:00:00";"09:00:00";"17:00:00";"09:00:00";"17:00:00";"09:00:00";"17:00:00";"0";NULL;NULL
"87";"Fairfield Library";"145.0193193";"-37.77758758";"121 Station Street  Fairfield  3078";"Fairfield";"3078";"1";"0";"1";"1";"1";"Library";"1";"1";"Main entrance is step free or with ramps";NULL;"0";"09:00:00";"17:00:00";"09:00:00";"17:00:00";"09:00:00";"17:00:00";"09:00:00";"17:00:00";"09:00:00";"17:00:00";"09:00:00";"17:00:00";"09:00:00";"17:00:00";"0";NULL;NULL
"88";"Fawkner Library";"144.970017";"-37.702514";"Jukes Road  Fawkner  3060";"Fawkner";"3060";"1";"1";"1";"0";"1";"Library";"1";"1";"Main entrance is step free or with ramps";NULL;"0";"09:00:00";"17:00:00";"09:00:00";"17:00:00";"09:00:00";"17:00:00";"09:00:00";"17:00:00";"09:00:00";"17:00:00";"09:00:00";"17:00:00";"09:00:00";"17:00:00";"0";NULL;NULL
"89";"Ferntree Gully Library";"145.2912164";"-37.89044262";"1010 Burwood Highway  Ferntree Gully  3156";"Ferntree Gully";"3156";"1";"1";"1";"1";"0";"Library";"1";"1";"Main entrance is step free or with ramps";NULL;"0";"09:00:00";"17:00:00";"09:00:00";"17:00:00";"09:00:00";"17:00:00";"09:00:00";"17:00:00";"09:00:00";"17:00:00";"09:00:00";"17:00:00";"09:00:00";"17:00:00";"0";NULL;NULL
"90";"Fitzroy Library";"144.9790185";"-37.80171709";"128 Moor Street  Fitzroy  3065";"Fitzroy";"3065";"1";"0";"0";"0";"1";"Library";"1";"1";"Main entrance is step free or with ramps";NULL;"0";"09:00:00";"17:00:00";"09:00:00";"17:00:00";"09:00:00";"17:00:00";"09:00:00";"17:00:00";"09:00:00";"17:00:00";"09:00:00";"17:00:00";"09:00:00";"17:00:00";"0";NULL;NULL
"91";"Flemington Library";"144.930478";"-37.78846916";"313 Racecourse Road  Flemington  3031";"Flemington";"3031";"1";"0";"0";"1";"0";"Library";"1";"1";"Main entrance is step free or with ramps";NULL;"0";"09:00:00";"17:00:00";"09:00:00";"17:00:00";"09:00:00";"17:00:00";"09:00:00";"17:00:00";"09:00:00";"17:00:00";"09:00:00";"17:00:00";"09:00:00";"17:00:00";"0";NULL;NULL
"92";"Footscray Library";"144.8956908";"-37.80026175";"56 Paisley Street  Footscray  3011";"Footscray";"3011";"1";"0";"0";"1";"1";"Library";"1";"1";"Main entrance is step free or with ramps";NULL;"0";"09:00:00";"17:00:00";"09:00:00";"17:00:00";"09:00:00";"17:00:00";"09:00:00";"17:00:00";"09:00:00";"17:00:00";"09:00:00";"17:00:00";"09:00:00";"17:00:00";"0";NULL;NULL
"93";"Footscray West Library";"144.8781393";"-37.79763975";"539 Barkly Street  Footscray West  3012";"Footscray West";"3012";"1";"0";"1";"0";"1";"Library";"1";"1";"Main entrance is step free or with ramps";NULL;"0";"09:00:00";"17:00:00";"09:00:00";"17:00:00";"09:00:00";"17:00:00";"09:00:00";"17:00:00";"09:00:00";"17:00:00";"09:00:00";"17:00:00";"09:00:00";"17:00:00";"0";NULL;NULL
"94";"Frankston Library";"145.1236738";"-38.14573441";"60 Playne Street  Frankston  3199";"Frankston";"3199";"1";"0";"0";"1";"1";"Library";"1";"1";"Main entrance is step free or with ramps";NULL;"0";"09:00:00";"17:00:00";"09:00:00";"17:00:00";"09:00:00";"17:00:00";"09:00:00";"17:00:00";"09:00:00";"17:00:00";"09:00:00";"17:00:00";"09:00:00";"17:00:00";"0";NULL;NULL
"95";"Gladstone Park Library";"144.890633";"-37.689205";"Taylor Drive  Gladstone Park  3043";"Gladstone Park";"3043";"1";"1";"0";"0";"0";"Library";"1";"1";"Main entrance is step free or with ramps";NULL;"0";"09:00:00";"17:00:00";"09:00:00";"17:00:00";"09:00:00";"17:00:00";"09:00:00";"17:00:00";"09:00:00";"17:00:00";"09:00:00";"17:00:00";"09:00:00";"17:00:00";"0";NULL;NULL
"96";"Glenroy Library";"144.9160004";"-37.70675552";"737 Pascoe Vale Road  Glenroy  3046";"Glenroy";"3046";"1";"1";"1";"0";"0";"Library";"1";"1";"Main entrance is step free or with ramps";NULL;"0";"09:00:00";"17:00:00";"09:00:00";"17:00:00";"09:00:00";"17:00:00";"09:00:00";"17:00:00";"09:00:00";"17:00:00";"09:00:00";"17:00:00";"09:00:00";"17:00:00";"0";NULL;NULL
"97";"Glen Waverley Library";"145.163557";"-37.882133";"112 Kingsway  Glen Waverley  3150";"Glen Waverley";"3150";"1";"1";"0";"1";"0";"Library";"1";"1";"Main entrance is step free or with ramps";NULL;"0";"09:00:00";"17:00:00";"09:00:00";"17:00:00";"09:00:00";"17:00:00";"09:00:00";"17:00:00";"09:00:00";"17:00:00";"09:00:00";"17:00:00";"09:00:00";"17:00:00";"0";NULL;NULL
"98";"Hampton Library";"145.0028226";"-37.93881793";"1D Service Street  Hampton  3188";"Hampton";"3188";"1";"1";"1";"1";"1";"Library";"1";"1";"Main entrance is step free or with ramps";NULL;"0";"09:00:00";"17:00:00";"09:00:00";"17:00:00";"09:00:00";"17:00:00";"09:00:00";"17:00:00";"09:00:00";"17:00:00";"09:00:00";"17:00:00";"09:00:00";"17:00:00";"0";NULL;NULL
"99";"Hampton Park Library";"145.2640263";"-38.03400092";"22-26 Stuart Avenue  Hampton Park  3976";"Hampton Park";"3976";"1";"1";"1";"0";"1";"Library";"1";"1";"Main entrance is step free or with ramps";NULL;"0";"09:00:00";"17:00:00";"09:00:00";"17:00:00";"09:00:00";"17:00:00";"09:00:00";"17:00:00";"09:00:00";"17:00:00";"09:00:00";"17:00:00";"09:00:00";"17:00:00";"0";NULL;NULL
"100";"Hastings Library";"145.1943518";"-38.30785043";"7 High Street  Hastings  3915";"Hastings";"3915";"1";"0";"1";"0";"1";"Library";"1";"1";"Main entrance is step free or with ramps";NULL;"0";"09:00:00";"17:00:00";"09:00:00";"17:00:00";"09:00:00";"17:00:00";"09:00:00";"17:00:00";"09:00:00";"17:00:00";"09:00:00";"17:00:00";"09:00:00";"17:00:00";"0";NULL;NULL
"101";"Hawthorn Library";"145.0351298";"-37.82482659";"584 Glenferrie Road  Hawthorn  3122";"Hawthorn";"3122";"1";"1";"0";"1";"1";"Library";"1";"1";"Main entrance is step free or with ramps";NULL;"0";"09:00:00";"17:00:00";"09:00:00";"17:00:00";"09:00:00";"17:00:00";"09:00:00";"17:00:00";"09:00:00";"17:00:00";"09:00:00";"17:00:00";"09:00:00";"17:00:00";"0";NULL;NULL
"102";"Healesville Library";"145.5174683";"-37.65357046";"231 Maroondah Highway  Healesville  3777";"Healesville";"3777";"1";"1";"1";"0";"1";"Library";"1";"1";"Main entrance is step free or with ramps";NULL;"0";"09:00:00";"17:00:00";"09:00:00";"17:00:00";"09:00:00";"17:00:00";"09:00:00";"17:00:00";"09:00:00";"17:00:00";"09:00:00";"17:00:00";"09:00:00";"17:00:00";"0";NULL;NULL
"103";"Highett Library";"145.0433521";"-37.94907561";"310 Highett Road  Highett  3190";"Highett";"3190";"1";"0";"0";"1";"0";"Library";"1";"1";"Main entrance is step free or with ramps";NULL;"0";"09:00:00";"17:00:00";"09:00:00";"17:00:00";"09:00:00";"17:00:00";"09:00:00";"17:00:00";"09:00:00";"17:00:00";"09:00:00";"17:00:00";"09:00:00";"17:00:00";"0";NULL;NULL
"104";"Highpoint Shopping Centre Library";"144.8912563";"-37.77462663";"200 Rosamond Road  Highpoint Shopping Centre  3032";"Maribyrnong";"3032";"1";"0";"1";"1";"0";"Library";"1";"1";"Main entrance is step free or with ramps";NULL;"0";"09:00:00";"17:00:00";"09:00:00";"17:00:00";"09:00:00";"17:00:00";"09:00:00";"17:00:00";"09:00:00";"17:00:00";"09:00:00";"17:00:00";"09:00:00";"17:00:00";"0";NULL;NULL
"105";"Ivanhoe Library";"145.0455321";"-37.76522858";"255 Upper Heidelberg Road  Ivanhoe  3079";"Ivanhoe";"3079";"1";"0";"0";"1";"1";"Library";"1";"1";"Main entrance is step free or with ramps";NULL;"0";"09:00:00";"17:00:00";"09:00:00";"17:00:00";"09:00:00";"17:00:00";"09:00:00";"17:00:00";"09:00:00";"17:00:00";"09:00:00";"17:00:00";"09:00:00";"17:00:00";"0";NULL;NULL
"106";"Keilor Library";"144.833112";"-37.719489";"Kennedy Street  Keilor  3036";"Keilor";"3036";"1";"0";"1";"1";"1";"Library";"1";"1";"Main entrance is step free or with ramps";NULL;"0";"09:00:00";"17:00:00";"09:00:00";"17:00:00";"09:00:00";"17:00:00";"09:00:00";"17:00:00";"09:00:00";"17:00:00";"09:00:00";"17:00:00";"09:00:00";"17:00:00";"0";NULL;NULL
"107";"Kew Library";"145.034488";"-37.807651";"Cotham Road and Civic Drive  Kew  3101";"Kew";"3101";"1";"0";"0";"0";"0";"Library";"1";"1";"Main entrance is step free or with ramps";NULL;"0";"09:00:00";"17:00:00";"09:00:00";"17:00:00";"09:00:00";"17:00:00";"09:00:00";"17:00:00";"09:00:00";"17:00:00";"09:00:00";"17:00:00";"09:00:00";"17:00:00";"0";NULL;NULL
"108";"Kinglake Library";"145.34096";"-37.53027";"1 Glenburn Road  Kinglake  3763";"Kinglake";"3763";"1";"0";"0";"0";"0";"Library";"1";"1";"Main entrance is step free or with ramps";NULL;"0";"09:00:00";"17:00:00";"09:00:00";"17:00:00";"09:00:00";"17:00:00";"09:00:00";"17:00:00";"09:00:00";"17:00:00";"09:00:00";"17:00:00";"09:00:00";"17:00:00";"0";NULL;NULL
"109";"Knox Library";"145.2383111";"-37.86965555";"425 Burwood Hwy  Knox  3152";"Knox";"3152";"1";"0";"0";"0";"0";"Library";"1";"1";"Main entrance is step free or with ramps";NULL;"0";"09:00:00";"17:00:00";"09:00:00";"17:00:00";"09:00:00";"17:00:00";"09:00:00";"17:00:00";"09:00:00";"17:00:00";"09:00:00";"17:00:00";"09:00:00";"17:00:00";"0";NULL;NULL
"110";"Lalor Library";"145.0177646";"-37.67289571";"2A May Road  Lalor  3075";"Lalor";"3075";"1";"0";"0";"0";"0";"Library";"1";"1";"Main entrance is step free or with ramps";NULL;"0";"09:00:00";"17:00:00";"09:00:00";"17:00:00";"09:00:00";"17:00:00";"09:00:00";"17:00:00";"09:00:00";"17:00:00";"09:00:00";"17:00:00";"09:00:00";"17:00:00";"0";NULL;NULL
"111";"Langwarrin Shop Library";"145.19696";"-38.14998";"Cranbourne Road and Southgateway  Langwarrin Shop  3910";"Langwarrin Shop";"3910";"1";"0";"0";"0";"0";"Library";"1";"1";"Main entrance is step free or with ramps";NULL;"0";"09:00:00";"17:00:00";"09:00:00";"17:00:00";"09:00:00";"17:00:00";"09:00:00";"17:00:00";"09:00:00";"17:00:00";"09:00:00";"17:00:00";"09:00:00";"17:00:00";"0";NULL;NULL
"112";"Lilydale Library";"145.353404";"-37.760056";"Anderson Street  Lilydale  3140";"Lilydale";"3140";"1";"1";"1";"1";"0";"Library";"1";"1";"Main entrance is step free or with ramps";NULL;"0";"09:00:00";"17:00:00";"09:00:00";"17:00:00";"09:00:00";"17:00:00";"09:00:00";"17:00:00";"09:00:00";"17:00:00";"09:00:00";"17:00:00";"09:00:00";"17:00:00";"0";NULL;NULL
"113";"Malvern Library";"145.0317489";"-37.85677379";"1255 High Street  Malvern  3144";"Malvern";"3144";"1";"1";"1";"1";"1";"Library";"1";"1";"Main entrance is step free or with ramps";NULL;"0";"09:00:00";"17:00:00";"09:00:00";"17:00:00";"09:00:00";"17:00:00";"09:00:00";"17:00:00";"09:00:00";"17:00:00";"09:00:00";"17:00:00";"09:00:00";"17:00:00";"0";NULL;NULL
"114";"Manningham e-Library Centre @ Warrandyte Library";"145.206902";"-37.74659";"402 Warrandyte Rd  Manningham e-Library Centre @ Warrandyte  3113";"Warrandyte";"3113";"1";"1";"1";"1";"1";"Library";"1";"1";"Main entrance is step free or with ramps";NULL;"0";"09:00:00";"17:00:00";"09:00:00";"17:00:00";"09:00:00";"17:00:00";"09:00:00";"17:00:00";"09:00:00";"17:00:00";"09:00:00";"17:00:00";"09:00:00";"17:00:00";"0";NULL;NULL
"115";"Melton Library";"144.5823561";"-37.68479291";"31 McKenzie Street  Melton  3337";"Melton";"3337";"1";"1";"1";"1";"1";"Library";"1";"1";"Main entrance is step free or with ramps";NULL;"0";"09:00:00";"17:00:00";"09:00:00";"17:00:00";"09:00:00";"17:00:00";"09:00:00";"17:00:00";"09:00:00";"17:00:00";"09:00:00";"17:00:00";"09:00:00";"17:00:00";"0";NULL;NULL
"116";"Middle Park Library";"144.96215";"-37.849926";"Cnr Nimmo and Richardson Streets  Middle Park  3206";"Middle Park";"3206";"1";"0";"1";"0";"1";"Library";"1";"1";"Main entrance is step free or with ramps";NULL;"0";"09:00:00";"17:00:00";"09:00:00";"17:00:00";"09:00:00";"17:00:00";"09:00:00";"17:00:00";"09:00:00";"17:00:00";"09:00:00";"17:00:00";"09:00:00";"17:00:00";"0";NULL;NULL
"117";"Mill Park Library";"145.0745429";"-37.65983185";"394 Plenty Road  Mill Park  3082";"Mill Park";"3082";"1";"0";"1";"0";"0";"Library";"1";"1";"Main entrance is step free or with ramps";NULL;"0";"09:00:00";"17:00:00";"09:00:00";"17:00:00";"09:00:00";"17:00:00";"09:00:00";"17:00:00";"09:00:00";"17:00:00";"09:00:00";"17:00:00";"09:00:00";"17:00:00";"0";NULL;NULL
"118";"Montrose Library";"145.344717";"-37.81069";"Cnr Mt Dandenong Tourist & Swansea Roads  Montrose  3765";"Montrose";"3765";"1";"0";"0";"0";"1";"Library";"1";"1";"Main entrance is step free or with ramps";NULL;"0";"09:00:00";"17:00:00";"09:00:00";"17:00:00";"09:00:00";"17:00:00";"09:00:00";"17:00:00";"09:00:00";"17:00:00";"09:00:00";"17:00:00";"09:00:00";"17:00:00";"0";NULL;NULL
"119";"Moonee Ponds Library";"144.9250451";"-37.76469952";"762-4 Mt Alexander Road  Moonee Ponds  3039";"Moonee Ponds";"3039";"1";"1";"1";"1";"0";"Library";"1";"1";"Main entrance is step free or with ramps";NULL;"0";"09:00:00";"17:00:00";"09:00:00";"17:00:00";"09:00:00";"17:00:00";"09:00:00";"17:00:00";"09:00:00";"17:00:00";"09:00:00";"17:00:00";"09:00:00";"17:00:00";"0";NULL;NULL
"120";"Moorabbin Library";"145.038011";"-37.934082";"Shop 5  Taylor St  Moorabbin  3189";"Moorabbin";"3189";"1";"0";"1";"1";"0";"Library";"1";"1";"Main entrance is step free or with ramps";NULL;"0";"09:00:00";"17:00:00";"09:00:00";"17:00:00";"09:00:00";"17:00:00";"09:00:00";"17:00:00";"09:00:00";"17:00:00";"09:00:00";"17:00:00";"09:00:00";"17:00:00";"0";NULL;NULL
"121";"Mooroolbark Library";"145.3123222";"-37.78625114";"7 Station Street  Mooroolbark  3138";"Mooroolbark";"3138";"1";"0";"0";"0";"1";"Library";"1";"1";"Main entrance is step free or with ramps";NULL;"0";"09:00:00";"17:00:00";"09:00:00";"17:00:00";"09:00:00";"17:00:00";"09:00:00";"17:00:00";"09:00:00";"17:00:00";"09:00:00";"17:00:00";"09:00:00";"17:00:00";"0";NULL;NULL
"122";"Mornington Library";"145.036511";"-38.217578";"Cnr Queen & Vancouver Streets  Mornington  3931";"Mornington";"3931";"1";"1";"0";"0";"1";"Library";"1";"1";"Main entrance is step free or with ramps";NULL;"0";"09:00:00";"17:00:00";"09:00:00";"17:00:00";"09:00:00";"17:00:00";"09:00:00";"17:00:00";"09:00:00";"17:00:00";"09:00:00";"17:00:00";"09:00:00";"17:00:00";"0";NULL;NULL
"123";"Mount Evelyn Library";"145.378683";"-37.784955";"Wray Crescent  Mount Evelyn  3796";"Mount Evelyn";"3796";"1";"0";"0";"0";"1";"Library";"1";"1";"Main entrance is step free or with ramps";NULL;"0";"09:00:00";"17:00:00";"09:00:00";"17:00:00";"09:00:00";"17:00:00";"09:00:00";"17:00:00";"09:00:00";"17:00:00";"09:00:00";"17:00:00";"09:00:00";"17:00:00";"0";NULL;NULL
"124";"Mount Waverley Library";"145.1245893";"-37.87511471";"41 Miller Crescent  Mount Waverley  3149";"Mount Waverley";"3149";"1";"1";"1";"1";"1";"Library";"1";"1";"Main entrance is step free or with ramps";NULL;"0";"09:00:00";"17:00:00";"09:00:00";"17:00:00";"09:00:00";"17:00:00";"09:00:00";"17:00:00";"09:00:00";"17:00:00";"09:00:00";"17:00:00";"09:00:00";"17:00:00";"0";NULL;NULL
"125";"Narre Warren Library";"145.30199";"-38.01931";"Overland Drive   Narre Warren  3805";"Narre Warren";"3805";"1";"0";"0";"1";"1";"Library";"1";"1";"Main entrance is step free or with ramps";NULL;"0";"09:00:00";"17:00:00";"09:00:00";"17:00:00";"09:00:00";"17:00:00";"09:00:00";"17:00:00";"09:00:00";"17:00:00";"09:00:00";"17:00:00";"09:00:00";"17:00:00";"0";NULL;NULL
"126";"Newport Library";"144.873683";"-37.84147961";"13 Mason Street  Newport  3015";"Newport";"3015";"1";"1";"1";"1";"1";"Library";"1";"1";"Main entrance is step free or with ramps";NULL;"0";"09:00:00";"17:00:00";"09:00:00";"17:00:00";"09:00:00";"17:00:00";"09:00:00";"17:00:00";"09:00:00";"17:00:00";"09:00:00";"17:00:00";"09:00:00";"17:00:00";"0";NULL;NULL
"127";"Niddrie Library";"144.8889294";"-37.73615698";"483 Keilor Road  Niddrie  3042";"Niddrie";"3042";"1";"0";"1";"1";"1";"Library";"1";"1";"Main entrance is step free or with ramps";NULL;"0";"09:00:00";"17:00:00";"09:00:00";"17:00:00";"09:00:00";"17:00:00";"09:00:00";"17:00:00";"09:00:00";"17:00:00";"09:00:00";"17:00:00";"09:00:00";"17:00:00";"0";NULL;NULL
"128";"Noojee Library";"145.997183";"-37.892956";"Powelltown Road  Noojee  3833";"Noojee";"3833";"1";"1";"1";"1";"1";"Library";"1";"1";"Main entrance is step free or with ramps";NULL;"0";"09:00:00";"17:00:00";"09:00:00";"17:00:00";"09:00:00";"17:00:00";"09:00:00";"17:00:00";"09:00:00";"17:00:00";"09:00:00";"17:00:00";"09:00:00";"17:00:00";"0";NULL;NULL
"129";"Northcote Library";"145.0008307";"-37.7697223";"32-38 Separation Street  Northcote  3070";"Northcote";"3070";"1";"1";"0";"0";"0";"Library";"1";"1";"Main entrance is step free or with ramps";NULL;"0";"09:00:00";"17:00:00";"09:00:00";"17:00:00";"09:00:00";"17:00:00";"09:00:00";"17:00:00";"09:00:00";"17:00:00";"09:00:00";"17:00:00";"09:00:00";"17:00:00";"0";NULL;NULL
"130";"North Fitzroy Library";"144.9838217";"-37.78361713";"240 St Georges Road  North Fitzroy  3068";"North Fitzroy";"3068";"1";"1";"0";"1";"1";"Library";"1";"1";"Main entrance is step free or with ramps";NULL;"0";"09:00:00";"17:00:00";"09:00:00";"17:00:00";"09:00:00";"17:00:00";"09:00:00";"17:00:00";"09:00:00";"17:00:00";"09:00:00";"17:00:00";"09:00:00";"17:00:00";"0";NULL;NULL
"131";"North Melbourne Library";"144.9497854";"-37.80355018";"66 Errol Street  North Melbourne  3051";"North Melbourne";"3051";"1";"1";"0";"0";"1";"Library";"1";"1";"Main entrance is step free or with ramps";NULL;"0";"09:00:00";"17:00:00";"09:00:00";"17:00:00";"09:00:00";"17:00:00";"09:00:00";"17:00:00";"09:00:00";"17:00:00";"09:00:00";"17:00:00";"09:00:00";"17:00:00";"0";NULL;NULL
"132";"Nunawading Library";"145.1814488";"-37.81771962";"379 Whitehorse Road  Nunawading  3131";"Nunawading";"3131";"1";"0";"1";"1";"1";"Library";"1";"1";"Main entrance is step free or with ramps";NULL;"0";"09:00:00";"17:00:00";"09:00:00";"17:00:00";"09:00:00";"17:00:00";"09:00:00";"17:00:00";"09:00:00";"17:00:00";"09:00:00";"17:00:00";"09:00:00";"17:00:00";"0";NULL;NULL
"133";"Oakleigh Library";"145.0902037";"-37.89739163";"148 Drummond Street  Oakleigh  3166";"Oakleigh";"3166";"1";"0";"1";"1";"1";"Library";"1";"1";"Main entrance is step free or with ramps";NULL;"0";"09:00:00";"17:00:00";"09:00:00";"17:00:00";"09:00:00";"17:00:00";"09:00:00";"17:00:00";"09:00:00";"17:00:00";"09:00:00";"17:00:00";"09:00:00";"17:00:00";"0";NULL;NULL
"134";"Pakenham Library";"145.483651";"-38.076704";"John Street  Pakenham  3810";"Pakenham";"3810";"1";"0";"1";"1";"1";"Library";"1";"1";"Main entrance is step free or with ramps";NULL;"0";"09:00:00";"17:00:00";"09:00:00";"17:00:00";"09:00:00";"17:00:00";"09:00:00";"17:00:00";"09:00:00";"17:00:00";"09:00:00";"17:00:00";"09:00:00";"17:00:00";"0";NULL;NULL
"135";"Parkdale Library";"145.0776833";"-37.99338747";"96 Parkers Road  Parkdale  3195";"Parkdale";"3195";"1";"0";"0";"1";"1";"Library";"1";"1";"Main entrance is step free or with ramps";NULL;"0";"09:00:00";"17:00:00";"09:00:00";"17:00:00";"09:00:00";"17:00:00";"09:00:00";"17:00:00";"09:00:00";"17:00:00";"09:00:00";"17:00:00";"09:00:00";"17:00:00";"0";NULL;NULL
"136";"Phoenix Park Library";"145.081617";"-37.879869";"Rob Roy Road  Phoenix Park  3148";"Phoenix Park";"3148";"1";"1";"0";"0";"0";"Library";"1";"1";"Main entrance is step free or with ramps";NULL;"0";"09:00:00";"17:00:00";"09:00:00";"17:00:00";"09:00:00";"17:00:00";"09:00:00";"17:00:00";"09:00:00";"17:00:00";"09:00:00";"17:00:00";"09:00:00";"17:00:00";"0";NULL;NULL
"137";"Port Melbourne Library";"144.944679";"-37.83573218";"333 Bay Street  Port Melbourne  3207";"Port Melbourne";"3207";"1";"0";"0";"1";"0";"Library";"1";"1";"Main entrance is step free or with ramps";NULL;"0";"09:00:00";"17:00:00";"09:00:00";"17:00:00";"09:00:00";"17:00:00";"09:00:00";"17:00:00";"09:00:00";"17:00:00";"09:00:00";"17:00:00";"09:00:00";"17:00:00";"0";NULL;NULL
"138";"Prahran /Windsor Library";"144.993247";"-37.849675";"Corner Greville and Chapel Streets  Prahran /Windsor  3181";"Prahran /Windsor";"3181";"1";"0";"1";"1";"1";"Library";"1";"1";"Main entrance is step free or with ramps";NULL;"0";"09:00:00";"17:00:00";"09:00:00";"17:00:00";"09:00:00";"17:00:00";"09:00:00";"17:00:00";"09:00:00";"17:00:00";"09:00:00";"17:00:00";"09:00:00";"17:00:00";"0";NULL;NULL
"139";"Preston Library";"145.005606";"-37.74017311";"266 Gower Street  Preston  3070";"Preston";"3070";"1";"1";"0";"1";"1";"Library";"1";"1";"Main entrance is step free or with ramps";NULL;"0";"09:00:00";"17:00:00";"09:00:00";"17:00:00";"09:00:00";"17:00:00";"09:00:00";"17:00:00";"09:00:00";"17:00:00";"09:00:00";"17:00:00";"09:00:00";"17:00:00";"0";NULL;NULL
"140";"Reservoir Library";"145.0055983";"-37.71510422";"17-21 Ralph Street  Reservoir  3073";"Reservoir";"3073";"1";"1";"1";"1";"0";"Library";"1";"1";"Main entrance is step free or with ramps";NULL;"0";"09:00:00";"17:00:00";"09:00:00";"17:00:00";"09:00:00";"17:00:00";"09:00:00";"17:00:00";"09:00:00";"17:00:00";"09:00:00";"17:00:00";"09:00:00";"17:00:00";"0";NULL;NULL
"141";"Richmond Library";"144.9982977";"-37.82519539";"415 Church Street  Richmond  3121";"Richmond";"3121";"1";"0";"1";"0";"1";"Library";"1";"1";"Main entrance is step free or with ramps";NULL;"0";"09:00:00";"17:00:00";"09:00:00";"17:00:00";"09:00:00";"17:00:00";"09:00:00";"17:00:00";"09:00:00";"17:00:00";"09:00:00";"17:00:00";"09:00:00";"17:00:00";"0";NULL;NULL
"142";"Ringwood Library";"145.2285181";"-37.81504283";"4 Melbourne Street S  Ringwood  3134";"Ringwood";"3134";"1";"0";"0";"1";"1";"Library";"1";"1";"Main entrance is step free or with ramps";NULL;"0";"09:00:00";"17:00:00";"09:00:00";"17:00:00";"09:00:00";"17:00:00";"09:00:00";"17:00:00";"09:00:00";"17:00:00";"09:00:00";"17:00:00";"09:00:00";"17:00:00";"0";NULL;NULL
"143";"Rosanna Library";"145.067225";"-37.742988";"Turnham Avenue  Rosanna  3084";"Rosanna";"3084";"1";"1";"0";"1";"1";"Library";"1";"1";"Main entrance is step free or with ramps";NULL;"0";"09:00:00";"17:00:00";"09:00:00";"17:00:00";"09:00:00";"17:00:00";"09:00:00";"17:00:00";"09:00:00";"17:00:00";"09:00:00";"17:00:00";"09:00:00";"17:00:00";"0";NULL;NULL
"144";"Rosebud Library";"144.904627";"-38.357336";"MacDowell Street  Rosebud  3939";"Rosebud";"3939";"1";"0";"0";"1";"1";"Library";"1";"1";"Main entrance is step free or with ramps";NULL;"0";"09:00:00";"17:00:00";"09:00:00";"17:00:00";"09:00:00";"17:00:00";"09:00:00";"17:00:00";"09:00:00";"17:00:00";"09:00:00";"17:00:00";"09:00:00";"17:00:00";"0";NULL;NULL
"145";"Rowville Library";"145.237253";"-37.919743";"Stud Rd  Rowville  3178";"Rowville";"3178";"1";"1";"1";"0";"1";"Library";"1";"1";"Main entrance is step free or with ramps";NULL;"0";"09:00:00";"17:00:00";"09:00:00";"17:00:00";"09:00:00";"17:00:00";"09:00:00";"17:00:00";"09:00:00";"17:00:00";"09:00:00";"17:00:00";"09:00:00";"17:00:00";"0";NULL;NULL
"146";"RVIB Library";"144.9891781";"-37.85112687";"85 High Street  RVIB  3181";"RVIB";"3181";"1";"1";"0";"1";"1";"Library";"1";"1";"Main entrance is step free or with ramps";NULL;"0";"09:00:00";"17:00:00";"09:00:00";"17:00:00";"09:00:00";"17:00:00";"09:00:00";"17:00:00";"09:00:00";"17:00:00";"09:00:00";"17:00:00";"09:00:00";"17:00:00";"0";NULL;NULL
"147";"Sandringham Library";"145.00256";"-37.948849";"Waltham Street  Sandringham  3191";"Sandringham";"3191";"1";"1";"0";"0";"0";"Library";"1";"1";"Main entrance is step free or with ramps";NULL;"0";"09:00:00";"17:00:00";"09:00:00";"17:00:00";"09:00:00";"17:00:00";"09:00:00";"17:00:00";"09:00:00";"17:00:00";"09:00:00";"17:00:00";"09:00:00";"17:00:00";"0";NULL;NULL
"148";"Seaford Shop Library";"145.1261603";"-38.10282387";"120 Nepean Highway  Seaford Shop  3198";"Seaford Shop";"3198";"1";"0";"0";"1";"1";"Library";"1";"1";"Main entrance is step free or with ramps";NULL;"0";"09:00:00";"17:00:00";"09:00:00";"17:00:00";"09:00:00";"17:00:00";"09:00:00";"17:00:00";"09:00:00";"17:00:00";"09:00:00";"17:00:00";"09:00:00";"17:00:00";"0";NULL;NULL
"149";"Doncaster Library";"145.1240868";"-37.78752639";"687 Doncaster Rd Doncaster";"Doncaster";"3108";"1";"0";"1";"0";"1";"Library";"1";"1";"Main entrance is step free or with ramps";NULL;"0";"09:00:00";"17:00:00";"09:00:00";"17:00:00";"09:00:00";"17:00:00";"09:00:00";"17:00:00";"09:00:00";"17:00:00";"09:00:00";"17:00:00";"09:00:00";"17:00:00";"0";NULL;NULL
"150";"Somerville Library";"145.1771129";"-38.22463319";"1085 Frankston Flinders Road  Somerville  3912";"Somerville";"3912";"1";"1";"0";"0";"1";"Library";"1";"1";"Main entrance is step free or with ramps";NULL;"0";"09:00:00";"17:00:00";"09:00:00";"17:00:00";"09:00:00";"17:00:00";"09:00:00";"17:00:00";"09:00:00";"17:00:00";"09:00:00";"17:00:00";"09:00:00";"17:00:00";"0";NULL;NULL
"151";"South Oakleigh Library";"145.0819747";"-37.92741087";"630 Warrigal Road  South Oakleigh  3167";"South Oakleigh";"3167";"1";"1";"0";"1";"0";"Library";"1";"1";"Main entrance is step free or with ramps";NULL;"0";"09:00:00";"17:00:00";"09:00:00";"17:00:00";"09:00:00";"17:00:00";"09:00:00";"17:00:00";"09:00:00";"17:00:00";"09:00:00";"17:00:00";"09:00:00";"17:00:00";"0";NULL;NULL
"152";"Springvale Library";"145.1531078";"-37.9473157";"411 Springvale Road  Springvale  3171";"Springvale";"3171";"1";"1";"1";"0";"0";"Library";"1";"1";"Main entrance is step free or with ramps";NULL;"0";"09:00:00";"17:00:00";"09:00:00";"17:00:00";"09:00:00";"17:00:00";"09:00:00";"17:00:00";"09:00:00";"17:00:00";"09:00:00";"17:00:00";"09:00:00";"17:00:00";"0";NULL;NULL
"153";"St Albans Library";"144.8006987";"-37.74179825";"71A Alfrieda Street  St Albans  3021";"St Albans";"3021";"1";"1";"0";"0";"0";"Library";"1";"1";"Main entrance is step free or with ramps";NULL;"0";"09:00:00";"17:00:00";"09:00:00";"17:00:00";"09:00:00";"17:00:00";"09:00:00";"17:00:00";"09:00:00";"17:00:00";"09:00:00";"17:00:00";"09:00:00";"17:00:00";"0";NULL;NULL
"154";"St Kilda Library";"144.9888216";"-37.86799981";"150 Carlisle Street  St Kilda  3182";"St Kilda";"3182";"1";"0";"1";"0";"1";"Library";"1";"1";"Main entrance is step free or with ramps";NULL;"0";"09:00:00";"17:00:00";"09:00:00";"17:00:00";"09:00:00";"17:00:00";"09:00:00";"17:00:00";"09:00:00";"17:00:00";"09:00:00";"17:00:00";"09:00:00";"17:00:00";"0";NULL;NULL
"155";"Sunbury Library";"144.73511";"-37.580484";"Macedon Street  Sunbury  3429";"Sunbury";"3429";"1";"1";"1";"0";"1";"Library";"1";"1";"Main entrance is step free or with ramps";NULL;"0";"09:00:00";"17:00:00";"09:00:00";"17:00:00";"09:00:00";"17:00:00";"09:00:00";"17:00:00";"09:00:00";"17:00:00";"09:00:00";"17:00:00";"09:00:00";"17:00:00";"0";NULL;NULL
"156";"Sunshine Library";"144.8321406";"-37.78331285";"301 Hampshire Road  Sunshine  3020";"Sunshine";"3020";"1";"1";"0";"0";"1";"Library";"1";"1";"Main entrance is step free or with ramps";NULL;"0";"09:00:00";"17:00:00";"09:00:00";"17:00:00";"09:00:00";"17:00:00";"09:00:00";"17:00:00";"09:00:00";"17:00:00";"09:00:00";"17:00:00";"09:00:00";"17:00:00";"0";NULL;NULL
"157";"The Age Library Broadmeadows Library";"144.9186897";"-37.68278647";"1093 Pascoe Vale Rd  The Age Library Broadmeadows  3047";"The Age  Broadmeadows";"3047";"1";"0";"1";"1";"0";"Library";"1";"1";"Main entrance is step free or with ramps";NULL;"0";"09:00:00";"17:00:00";"09:00:00";"17:00:00";"09:00:00";"17:00:00";"09:00:00";"17:00:00";"09:00:00";"17:00:00";"09:00:00";"17:00:00";"09:00:00";"17:00:00";"0";NULL;NULL
"158";"The Pines Library";"145.16853";"-37.76232";"Cnr Reynolds & Blackburn Roads  The Pines  3109";"The Pines";"3109";"1";"1";"1";"1";"0";"Library";"1";"1";"Main entrance is step free or with ramps";NULL;"0";"09:00:00";"17:00:00";"09:00:00";"17:00:00";"09:00:00";"17:00:00";"09:00:00";"17:00:00";"09:00:00";"17:00:00";"09:00:00";"17:00:00";"09:00:00";"17:00:00";"0";NULL;NULL
"159";"Thomastown Library";"145.005103";"-37.67621958";"52 Main Street  Thomastown  3074";"Thomastown";"3074";"1";"0";"1";"1";"0";"Library";"1";"1";"Main entrance is step free or with ramps";NULL;"0";"09:00:00";"17:00:00";"09:00:00";"17:00:00";"09:00:00";"17:00:00";"09:00:00";"17:00:00";"09:00:00";"17:00:00";"09:00:00";"17:00:00";"09:00:00";"17:00:00";"0";NULL;NULL
"160";"Toorak/South Yarra Library";"144.9904237";"-37.83883483";"340 Toorak Road  Toorak/South Yarra  3141";"Toorak/South Yarra";"3141";"1";"1";"0";"1";"0";"Library";"1";"1";"Main entrance is step free or with ramps";NULL;"0";"09:00:00";"17:00:00";"09:00:00";"17:00:00";"09:00:00";"17:00:00";"09:00:00";"17:00:00";"09:00:00";"17:00:00";"09:00:00";"17:00:00";"09:00:00";"17:00:00";"0";NULL;NULL
"161";"Tullamarine Library";"144.8736272";"-37.70224088";"59 Spring Street  Tullamarine  3043";"Tullamarine";"3043";"1";"1";"0";"1";"0";"Library";"1";"1";"Main entrance is step free or with ramps";NULL;"0";"09:00:00";"17:00:00";"09:00:00";"17:00:00";"09:00:00";"17:00:00";"09:00:00";"17:00:00";"09:00:00";"17:00:00";"09:00:00";"17:00:00";"09:00:00";"17:00:00";"0";NULL;NULL
"162";"Vermont South Library";"145.181337";"-37.854452";"Pavey Place  Vermont South  3133";"Vermont South";"3133";"1";"0";"0";"1";"1";"Library";"1";"1";"Main entrance is step free or with ramps";NULL;"0";"09:00:00";"17:00:00";"09:00:00";"17:00:00";"09:00:00";"17:00:00";"09:00:00";"17:00:00";"09:00:00";"17:00:00";"09:00:00";"17:00:00";"09:00:00";"17:00:00";"0";NULL;NULL
"163";"Vision Australia Library";"145.0321125";"-37.84057609";"454 Glenferrie Road  Vision Australia  3144";"Vision Australia";"3144";"1";"1";"0";"0";"0";"Library";"1";"1";"Main entrance is step free or with ramps";NULL;"0";"09:00:00";"17:00:00";"09:00:00";"17:00:00";"09:00:00";"17:00:00";"09:00:00";"17:00:00";"09:00:00";"17:00:00";"09:00:00";"17:00:00";"09:00:00";"17:00:00";"0";NULL;NULL
"164";"Watsonia Library";"145.0831915";"-37.71041544";"4-6 Ibbottson Street  Watsonia  3087";"Watsonia";"3087";"1";"1";"1";"0";"1";"Library";"1";"1";"Main entrance is step free or with ramps";NULL;"0";"09:00:00";"17:00:00";"09:00:00";"17:00:00";"09:00:00";"17:00:00";"09:00:00";"17:00:00";"09:00:00";"17:00:00";"09:00:00";"17:00:00";"09:00:00";"17:00:00";"0";NULL;NULL
"165";"Werribee Library";"144.68209";"-37.87698";"Cnr Heaths and Derrimut Roads  Werribee  3030";"Werribee";"3030";"1";"1";"0";"0";"0";"Library";"1";"1";"Main entrance is step free or with ramps";NULL;"0";"09:00:00";"17:00:00";"09:00:00";"17:00:00";"09:00:00";"17:00:00";"09:00:00";"17:00:00";"09:00:00";"17:00:00";"09:00:00";"17:00:00";"09:00:00";"17:00:00";"0";NULL;NULL
"166";"Werribee CBD Library";"144.6575447";"-37.90369156";"177 Watton Street  Werribee CBD  3030";"Werribee CBD";"3030";"1";"0";"0";"0";"0";"Library";"1";"1";"Main entrance is step free or with ramps";NULL;"0";"09:00:00";"17:00:00";"09:00:00";"17:00:00";"09:00:00";"17:00:00";"09:00:00";"17:00:00";"09:00:00";"17:00:00";"09:00:00";"17:00:00";"09:00:00";"17:00:00";"0";NULL;NULL
"167";"Wheelers Hill Library";"145.190587";"-37.90724132";"860 Ferntree Gully Road  Wheelers Hill  3150";"Wheelers Hill";"3150";"1";"1";"0";"0";"0";"Library";"1";"1";"Main entrance is step free or with ramps";NULL;"0";"09:00:00";"17:00:00";"09:00:00";"17:00:00";"09:00:00";"17:00:00";"09:00:00";"17:00:00";"09:00:00";"17:00:00";"09:00:00";"17:00:00";"09:00:00";"17:00:00";"0";NULL;NULL
"168";"Williamstown Library";"144.8962876";"-37.85851898";"104 Ferguson Street  Williamstown  3018";"Williamstown";"3018";"1";"0";"0";"0";"1";"Library";"1";"1";"Main entrance is step free or with ramps";NULL;"0";"09:00:00";"17:00:00";"09:00:00";"17:00:00";"09:00:00";"17:00:00";"09:00:00";"17:00:00";"09:00:00";"17:00:00";"09:00:00";"17:00:00";"09:00:00";"17:00:00";"0";NULL;NULL
"169";"Yarra Junction Library";"145.611898";"-37.782293";"Hoddle Street  Yarra Junction  3797";"Yarra Junction";"3797";"1";"1";"0";"1";"1";"Library";"1";"1";"Main entrance is step free or with ramps";NULL;"0";"09:00:00";"17:00:00";"09:00:00";"17:00:00";"09:00:00";"17:00:00";"09:00:00";"17:00:00";"09:00:00";"17:00:00";"09:00:00";"17:00:00";"09:00:00";"17:00:00";"0";NULL;NULL
"170";"Yarraville Library";"144.8736464";"-37.82044843";"32 Wembley Avenue  Yarraville  3013";"Yarraville";"3013";"1";"0";"0";"1";"0";"Library";"1";"1";"Main entrance is step free or with ramps";NULL;"0";"09:00:00";"17:00:00";"09:00:00";"17:00:00";"09:00:00";"17:00:00";"09:00:00";"17:00:00";"09:00:00";"17:00:00";"09:00:00";"17:00:00";"09:00:00";"17:00:00";"0";NULL;NULL
"171";"Flagstaff Station";"144.956447";"-37.811827";"William St / La Trobe St Melbourne City 3000";"Melbourne City";"3000";"1";"0";"0";"1";"1";"Train Station";"0";"1";"Main entrance is step free or with ramps";NULL;"0";"05:00:00";"23:59:59";"05:00:00";"23:59:59";"05:00:00";"23:59:59";"05:00:00";"23:59:59";"05:00:00";"23:59:59";"05:00:00";"23:59:59";"00:00:00";"23:59:59";"0";NULL;NULL
"172";"Flinders Street Station";"144.966997";"-37.818321";"Swanston St / Flinders St Melbourne City 3000";"Melbourne City";"3000";"1";"0";"1";"0";"1";"Train Station";"0";"1";"Main entrance is step free or with ramps";NULL;"0";"05:00:00";"23:59:59";"05:00:00";"23:59:59";"05:00:00";"23:59:59";"05:00:00";"23:59:59";"05:00:00";"23:59:59";"05:00:00";"23:59:59";"00:00:00";"23:59:59";"0";NULL;NULL
"173";"Melbourne Central Station";"144.963757";"-37.8097";"La Trobe St Melbourne City 3000";"Melbourne City";"3000";"1";"1";"0";"0";"0";"Train Station";"1";"1";"Main entrance is step free or with ramps";NULL;"0";"05:00:00";"23:59:59";"05:00:00";"23:59:59";"05:00:00";"23:59:59";"05:00:00";"23:59:59";"05:00:00";"23:59:59";"05:00:00";"23:59:59";"00:00:00";"23:59:59";"0";NULL;NULL
"174";"North Melbourne Station";"144.941831";"-37.806735";"Dynon Rd / Railway Pl West Melbourne 3003";"West Melbourne";"3003";"1";"0";"0";"1";"1";"Train Station";"0";"1";"Main entrance is step free or with ramps";NULL;"0";"05:00:00";"23:59:59";"05:00:00";"23:59:59";"05:00:00";"23:59:59";"05:00:00";"23:59:59";"05:00:00";"23:59:59";"05:00:00";"23:59:59";"00:00:00";"23:59:59";"0";NULL;NULL
"175";"Parliament Station";"144.973408";"-37.811929";"Spring St Melbourne City 3000";"Melbourne City";"3000";"1";"0";"1";"0";"1";"Train Station";"0";"1";"Main entrance is step free or with ramps";NULL;"0";"05:00:00";"23:59:59";"05:00:00";"23:59:59";"05:00:00";"23:59:59";"05:00:00";"23:59:59";"05:00:00";"23:59:59";"05:00:00";"23:59:59";"00:00:00";"23:59:59";"0";NULL;NULL
"176";"Richmond Station";"144.989574";"-37.823963";"Punt Rd / Swan St Richmond 3121";"Richmond";"3121";"1";"0";"1";"1";"1";"Train Station";"0";"1";"Entrance(s) have limited access via a small lip or a steep ramp, but alternative access available";NULL;"0";"05:00:00";"23:59:59";"05:00:00";"23:59:59";"05:00:00";"23:59:59";"05:00:00";"23:59:59";"05:00:00";"23:59:59";"05:00:00";"23:59:59";"00:00:00";"23:59:59";"0";NULL;NULL
"177";"South Yarra Station";"144.992297";"-37.838238";"Toorak Rd / Yarra St South Yarra 3141";"South Yarra";"3141";"1";"0";"0";"1";"0";"Train Station";"0";"1";"Entrance(s) have limited access via a small lip or a steep ramp, but alternative access available";NULL;"0";"05:00:00";"23:59:59";"05:00:00";"23:59:59";"05:00:00";"23:59:59";"05:00:00";"23:59:59";"05:00:00";"23:59:59";"05:00:00";"23:59:59";"00:00:00";"23:59:59";"0";NULL;NULL
"178";"Southern Cross Station";"144.952193";"-37.818354";"Collins St / Spencer St Melbourne City 3000";"Docklands";"3000";"1";"0";"1";"0";"0";"Train Station";"0";"1";"Main entrance is step free or with ramps";NULL;"0";"05:00:00";"23:59:59";"05:00:00";"23:59:59";"05:00:00";"23:59:59";"05:00:00";"23:59:59";"05:00:00";"23:59:59";"05:00:00";"23:59:59";"00:00:00";"23:59:59";"0";NULL;NULL
"179";"Adult Outreach Support Services";"144.948507";"-37.795439";"179 Flemington Road North Melbourne 3051";"North Melbourne";"3051";"1";"0";"1";"1";"0";"Other Support Services";"0";"2";"Not determined";"Adult Outreach Support Services works with people who are homeless, or at risk of homelessness, to secure and maintain safe and affordable housing and achieve independence in the community.";"0";"09:00:00";"17:00:00";"09:00:00";"17:00:00";"09:00:00";"17:00:00";"09:00:00";"17:00:00";"09:00:00";"17:00:00";"00:00:00";"00:00:00";"00:00:00";"00:00:00";"0";NULL;NULL
"180";"Anglicare Victoria ? St.Mark?s Community Centre";"144.981835";"-37.801611";"250 George Street  Fitzroy 3065";"Fitzroy";"3065";"1";"0";"0";"0";"0";"Community Centre";"0";"2";"Not determined";"St Mark?s provides assistance to homeless people.  Drop-in centre Monday to Friday.
Bread, fruit, vegetables, weekly food parcels are available.
Lunch, Tea and Coffee facilities, Showers, Washing machines and dryers, Toiletries, Public telephones, Advice and referral.
St Mark?s will provide up to five PBS prescriptions per month for homeless people through the co-payment prescription scheme.  (Not Methadone / Buprenorphine).";"0";"11:30:00";"15:00:00";"11:30:00";"15:00:00";"11:30:00";"15:00:00";"11:30:00";"15:00:00";"11:30:00";"15:00:00";"00:00:00";"00:00:00";"00:00:00";"00:00:00";"0";NULL;NULL
"181";"Central City Community Health Service";"144.961214";"-37.806518";"53 Victoria Street Melbourne City 3000";"Melbourne City";"3000";"1";"1";"1";"1";"1";"Other Support Services";"0";"2";"Not determined";"Outreach support services for people experiencing or at risk of becoming homelessness, Allied Health Outreach Services, Mental Health Outreach Services, Royal Women?s Hospital Clinic
RDNS HPP Nurses, Legal Services ? Justice Connect and Inner Melbourne Community Legall, Wintringham Over 50?s Planned Activity Group, Optometry, PESP Workers

Ask to speak to the Duty Worker.  Please refer to cohealth entry in this booklet for additional information";"4";"10:00:00";"16:00:00";"10:00:00";"16:00:00";"10:00:00";"16:00:00";"10:00:00";"16:00:00";"10:00:00";"16:00:00";"00:00:00";"00:00:00";"00:00:00";"00:00:00";"0";NULL;"2020-05-25 13:02:20"
"182";"COHEALTH";"144.961214";"-37.806518";"53 Victoria Street Melbourne City 3000";"Melbourne City";"3000";"1";"0";"0";"0";"0";"Other Support Services";"0";"2";"Not determined";"Outreach Support Services for people experiencing or at risk of becoming homelessness., Homeless Mental Health and Housing Service,
Allied Health Outreach Services, Dietetics and Caf? Meals, Podiatry, Occupational Therapy, Physiotherapy";"0";"10:00:00";"16:00:00";"10:00:00";"16:00:00";"10:00:00";"16:00:00";"10:00:00";"16:00:00";"10:00:00";"16:00:00";"00:00:00";"00:00:00";"00:00:00";"00:00:00";"0";NULL;NULL
"183";"COHEALTH";"144.97697";"-37.805149";"75 Brunswick Street Fitzroy 3065";"Fitzroy";"3065";"1";"0";"0";"0";"0";"Other Support Services";"1";"2";"Not determined";"Provides a broad range of health and welfare services Drop-in Clinic for homeless people every Monday from 9am -12 noon. Services include physiotherapy, podiatry, occupational therapy, dietetics, and nursing.Aboriginal engagement worker available, caf? meals program for homeless people, drop-in social work/counselling sessions, showers, needle and syringe programdental services for homeless people and for people with drug and/or alcohol issues ? phone dental reception:  9411 3505";"0";"09:30:00";"17:00:00";"09:30:00";"17:00:00";"09:30:00";"17:00:00";"09:30:00";"17:00:00";"09:30:00";"17:00:00";"09:00:00";"12:00:00";"00:00:00";"00:00:00";"0";NULL;"2020-05-25 13:06:18"
"184";"Salvation Army - Crisis Services - Crisis Contact Centre";"144.977933";"-37.860682";"29 Grey Street St Kilda 3182";"St Kilda";"3182";"1";"1";"1";"1";"0";"Other Support Services";"0";"2";"Not determined";"Homelessness support, Accommodation placement and/or support, Crisis/emergency accommodation, Housing information/referral, Financial assistance, Support";"0";"09:00:00";"23:00:00";"09:00:00";"23:00:00";"09:00:00";"23:00:00";"09:00:00";"23:00:00";"09:00:00";"23:00:00";"00:00:00";"00:00:00";"00:00:00";"00:00:00";"0";NULL;NULL
"185";"Launch Housing";"144.984869";"-37.804712";"68 Oxford Street Collingwood VIC 3066";"Collingwood";"3066";"1";"0";"0";"0";"0";"Housing Support Services";"2";"2";"Entrance(s) have limited access via a small lip or a steep ramp, but alternative access available";"Housing";"0";"09:00:00";"17:00:00";"09:00:00";"17:00:00";"09:00:00";"17:00:00";"09:00:00";"17:00:00";"09:00:00";"17:00:00";"00:00:00";"00:00:00";"00:00:00";"00:00:00";"0";NULL;NULL
"186";"Launch Housing";"144.9575941";"-37.8266864";"52 Haig Street South Melbourne VIC 3205";"South Melbourne";"3205";"1";"1";"1";"0";"0";"Housing Support Services";"2";"2";"Entrance(s) have limited access via a small lip or a steep ramp, but alternative access available";"Crisis Accommodation and Housing Support";"0";"09:00:00";"17:00:00";"09:00:00";"17:00:00";"09:00:00";"17:00:00";"09:00:00";"17:00:00";"09:00:00";"17:00:00";"09:00:00";"17:00:00";"09:00:00";"17:00:00";"0";NULL;NULL
"187";"Launch Housing";"144.9585928";"-37.8349395";"217 Cecil Street South Melbourne VIC 3205";"South Melbourne";"3205";"1";"0";"1";"0";"1";"Housing Support Services";"2";"2";"Entrance(s) have limited access via a small lip or a steep ramp, but alternative access available";"Crisis Accommodation and Housing Support ? Families";"0";"09:00:00";"17:00:00";"09:00:00";"17:00:00";"09:00:00";"17:00:00";"09:00:00";"17:00:00";"09:00:00";"17:00:00";"09:00:00";"17:00:00";"09:00:00";"17:00:00";"0";NULL;NULL
"188";"Launch Housing";"144.9928975";"-37.8579693";"346 Dandenong Road East St Kilda VIC 3182";"St Kilda";"3182";"1";"0";"0";"1";"0";"Housing Support Services";"2";"2";"Entrance(s) have limited access via a small lip or a steep ramp, but alternative access available";"Crisis Accommodation and Housing Support ? Women";"0";"09:00:00";"17:00:00";"09:00:00";"17:00:00";"09:00:00";"17:00:00";"09:00:00";"17:00:00";"09:00:00";"17:00:00";"09:00:00";"17:00:00";"09:00:00";"17:00:00";"0";NULL;NULL
"189";"Launch Housing";"144.9904025";"-37.8687829";"122 Chapel Street St Kilda VIC 3182";"St Kilda";"3182";"1";"0";"0";"0";"0";"Housing Support Services";"2";"2";"Entrance(s) have limited access via a small lip or a steep ramp, but alternative access available";"Housing, Support and Outreach";"0";"09:00:00";"17:00:00";"09:00:00";"17:00:00";"09:00:00";"17:00:00";"09:00:00";"17:00:00";"09:00:00";"17:00:00";"09:00:00";"17:00:00";"09:00:00";"17:00:00";"0";NULL;NULL
"190";"Launch Housing";"145.2107579";"-37.98702685";"35 Robinson Street Dandenong VIC 3175";"Dandenong";"3175";"1";"1";"1";"0";"1";"Housing Support Services";"2";"2";"Entrance(s) have limited access via a small lip or a steep ramp, but alternative access available";"Crisis Accommodation, Housing Support and Family Focus";"0";"09:00:00";"17:00:00";"09:00:00";"17:00:00";"09:00:00";"17:00:00";"09:00:00";"17:00:00";"09:00:00";"17:00:00";"09:00:00";"17:00:00";"09:00:00";"17:00:00";"0";NULL;NULL
"191";"Launch Housing";"145.0581187";"-37.9523898";"Level 1 11 Chesterville Road Cheltenham VIC 3192";"Cheltenham";"3192";"1";"0";"1";"1";"1";"Housing Support Services";"2";"2";"Entrance(s) have limited access via a small lip or a steep ramp, but alternative access available";"Housing and Support";"0";"09:00:00";"17:00:00";"09:00:00";"17:00:00";"09:00:00";"17:00:00";"09:00:00";"17:00:00";"09:00:00";"17:00:00";"09:00:00";"17:00:00";"09:00:00";"17:00:00";"0";NULL;NULL
"192";"SalvoCare Eastern (East Metro)";"145.1234479";"-37.8204929";"31-33 Ellingworth Parade Box Hill VIC 3128";"Box Hill";"3128";"1";"1";"0";"0";"1";"Housing Support Services";"2";"2";"Entrance(s) have limited access via a small lip or a steep ramp, but alternative access available";"Community Connection Program Homeless Outreach Program Intensive Case Management Initiative RecLink Program Bolton Clarke (Royal District Nursing Service), Homeless Persons Program The SalvoCare Eastern AOD Care and Recovery Service";"0";"09:00:00";"17:00:00";"09:00:00";"17:00:00";"09:00:00";"17:00:00";"09:00:00";"17:00:00";"09:00:00";"17:00:00";"00:00:00";"00:00:00";"00:00:00";"00:00:00";"0";NULL;NULL
"193";"Salvation Army Housing";"145.1669381";"-37.8743131";"Level 1, Building 2 Brandon Office Park 30-540 Springvale Road Glen Waverley VIC 3150";"Glen Waverley";"3150";"1";"0";"1";"0";"0";"Housing Support Services";"2";"2";"Entrance(s) have limited access via a small lip or a steep ramp, but alternative access available";"Salvation Army Housing (SAH) and Salvation Army Housing (Victoria) (SAHV) are community housing organisations that provide homes for individuals and families who are homeless or at risk of homelessness, are on low incomes and those with specific support needs.  We run a range of programs which include Long Term, Transition Housing Management, Crisis Housing and rooming house properties.";"0";"09:00:00";"17:00:00";"09:00:00";"17:00:00";"09:00:00";"17:00:00";"09:00:00";"17:00:00";"09:00:00";"17:00:00";"00:00:00";"00:00:00";"00:00:00";"00:00:00";"0";NULL;NULL
"194";"Salvation Army Housing";"144.826517";"-37.7946338";"1/149 Anderson Road Sunshine VIC 3020";"Sunshine";"3020";"1";"0";"0";"1";"1";"Housing Support Services";"2";"2";"Entrance(s) have limited access via a small lip or a steep ramp, but alternative access available";"Salvation Army Housing (SAH) and Salvation Army Housing (Victoria) (SAHV) are community housing organisations that provide homes for individuals and families who are homeless or at risk of homelessness, are on low incomes and those with specific support needs.  We run a range of programs which include Long Term, Transition Housing Management, Crisis Housing and rooming house properties.";"0";"09:00:00";"17:00:00";"09:00:00";"17:00:00";"09:00:00";"17:00:00";"09:00:00";"17:00:00";"09:00:00";"17:00:00";"00:00:00";"00:00:00";"00:00:00";"00:00:00";"0";NULL;NULL
"195";"Salvation Army Social Housing and Support (SASHS) Network";"144.8291915";"-37.783194";"6/147 Harvester Road Sunshine VIC 3020";"Sunshine";"3020";"1";"0";"0";"0";"1";"Housing Support Services";"2";"2";"Entrance(s) have limited access via a small lip or a steep ramp, but alternative access available";"The Salvation Army Social Housing and Support (SASHS) Network assists people who are homeless, or those at risk of homelessness, in the LGA?s of Brimbank, Melton and surrounding areas in the West Division of the Victorian Department of Human Services.";"0";"09:00:00";"17:00:00";"09:00:00";"17:00:00";"09:00:00";"17:00:00";"09:00:00";"17:00:00";"09:00:00";"17:00:00";"00:00:00";"00:00:00";"00:00:00";"00:00:00";"0";NULL;NULL
"196";"Salvation Army Social Housing and Support (SASHS) Network";"145.1255354";"-38.1419718";"37 Ross Smith Avenue East Frankston VIC 3199";"Frankston";"3199";"1";"0";"1";"0";"1";"Housing Support Services";"2";"2";"Entrance(s) have limited access via a small lip or a steep ramp, but alternative access available";"The Centres provice information, referral and advocacy to other services including; family violence, drug & alcohol services, legal organisations, financial & budgeting services, employment & training providders, counselling agencies, general housing and Office of Housing information.";"0";"09:00:00";"17:00:00";"09:00:00";"17:00:00";"09:00:00";"17:00:00";"09:00:00";"17:00:00";"09:00:00";"17:00:00";"00:00:00";"00:00:00";"00:00:00";"00:00:00";"0";NULL;NULL
"197";"McDonald's";"144.9678487";"-37.81314501";"Bourke House 145 Russell Street Melbourne City 3000";"Melbourne City";"3000";"1";"1";"1";"0";"0";"Restaurant";"1";"1";"Not determined";NULL;"5";"00:01:00";"23:59:00";"00:01:00";"23:59:00";"00:01:00";"23:59:00";"00:01:00";"23:59:00";"00:01:00";"23:59:00";"00:01:00";"23:59:00";"00:01:00";"23:59:00";"1";NULL;"2020-05-25 15:42:32"
"198";"McDonald's";"144.9727073";"-37.81341901";"28 Collins Street Melbourne City 3000";"Melbourne City";"3000";"1";"0";"0";"0";"0";"Restaurant";"1";"1";"Not determined";NULL;"0";"06:30:00";"21:00:00";"06:30:00";"21:00:00";"06:30:00";"21:00:00";"06:30:00";"21:00:00";"06:30:00";"21:00:00";"06:30:00";"21:00:00";"06:30:00";"21:00:00";"0";NULL;NULL
"199";"McDonald's";"144.9644995";"-37.81782906";"McDonald's Flinders Court Melbourne City 3000";"Melbourne City";"3000";"1";"1";"1";"0";"1";"Restaurant";"1";"1";"Not determined";NULL;"3";"00:01:00";"23:59:00";"00:01:00";"23:59:00";"00:01:00";"23:59:00";"00:01:00";"23:59:00";"00:01:00";"23:59:00";"00:01:00";"23:59:00";"00:01:00";"23:59:00";"1";NULL;"2020-06-04 15:19:56"
"200";"McDonald's";"144.9595521";"-37.80735246";"McDonald's Therry Street Melbourne Innovation District Melbourne City 3000";"Melbourne City";"3000";"1";"0";"1";"1";"1";"Restaurant";"1";"1";"Not determined";NULL;"0";"00:01:00";"23:59:00";"00:01:00";"23:59:00";"00:01:00";"23:59:00";"00:01:00";"23:59:00";"00:01:00";"23:59:00";"00:01:00";"23:59:00";"00:01:00";"23:59:00";"1";NULL;NULL
"201";"McDonald's";"144.9495226";"-37.7938185";"Royal Children's Hospital 50 Flemington Road Parkville 3051";"Parkville";"3051";"1";"1";"1";"1";"0";"Restaurant";"1";"1";"Not determined";NULL;"0";"06:00:00";"22:00:00";"06:00:00";"22:00:00";"06:00:00";"22:00:00";"06:00:00";"22:00:00";"06:00:00";"22:00:00";"11:00:00";"20:00:00";"11:00:00";"20:00:00";"0";NULL;NULL
"202";"McDonald's";"144.976177";"-37.83615131";"407 St Kilda Road Melbourne City 3004";"Melbourne City";"3004";"1";"0";"0";"0";"0";"Restaurant";"1";"1";"Not determined";NULL;"0";"00:01:00";"23:59:00";"00:01:00";"23:59:00";"00:01:00";"23:59:00";"00:01:00";"23:59:00";"00:01:00";"23:59:00";"00:01:00";"23:59:00";"00:01:00";"23:59:00";"1";NULL;NULL
"203";"McDonald's";"144.9645071";"-37.81180753";"275 Swanston St, Melbourne VIC 3000";"Melbourne City";"3000";"1";"1";"1";"1";"0";"Restaurant";"1";"1";"Not determined";NULL;"0";"00:01:00";"23:59:00";"00:01:00";"23:59:00";"00:01:00";"23:59:00";"00:01:00";"23:59:00";"00:01:00";"23:59:00";"00:01:00";"23:59:00";"00:01:00";"23:59:00";"1";NULL;NULL
"204";"McDonald's";"144.95865";"-37.8231616";"Crown Entertainment Complex 8 Whiteman Street Southbank 3006";"Southbank";"3006";"1";"0";"0";"1";"1";"Restaurant";"1";"1";"Not determined";NULL;"0";"00:01:00";"23:59:00";"00:01:00";"23:59:00";"00:01:00";"23:59:00";"00:01:00";"23:59:00";"00:01:00";"23:59:00";"00:01:00";"23:59:00";"00:01:00";"23:59:00";"1";NULL;NULL
"205";"McDonald's";"144.9627564";"-37.81090175";"Melbourne Central Menzies Alley Melbourne City 3000";"Melbourne City";"3000";"1";"1";"0";"0";"1";"Restaurant";"1";"1";"Not determined";NULL;"0";"07:00:00";"19:00:00";"07:00:00";"19:00:00";"07:00:00";"19:00:00";"07:00:00";"19:00:00";"07:00:00";"19:00:00";"08:00:00";"19:00:00";"08:00:00";"19:00:00";"0";NULL;NULL
"206";"McDonald's";"144.9621599";"-37.82171509";"Freshwater Place Southbank 3006";"Southbank";"3006";"1";"0";"0";"1";"0";"Restaurant";"1";"1";"Not determined";NULL;"0";"06:00:00";"00:01:00";"06:00:00";"00:01:00";"06:00:00";"00:01:00";"06:00:00";"00:01:00";"06:00:00";"00:01:00";"06:00:00";"00:01:00";"06:00:00";"00:01:00";"0";NULL;NULL
"207";"McDonald's";"145.0028792";"-37.848368";"McDonald's Williams Road Prahran 3181";"Prahran";"3181";"1";"0";"1";"0";"1";"Restaurant";"1";"1";"Not determined";NULL;"0";"00:01:00";"23:59:00";"00:01:00";"23:59:00";"00:01:00";"23:59:00";"00:01:00";"23:59:00";"00:01:00";"23:59:00";"00:01:00";"23:59:00";"00:01:00";"23:59:00";"1";NULL;NULL
"208";"McDonald's";"144.998217";"-37.88445195";"McDonald's Nepean Highway Elsternwick 3185";"Elsternwick";"3185";"1";"1";"1";"1";"0";"Restaurant";"1";"1";"Not determined";NULL;"0";"00:01:00";"23:59:00";"00:01:00";"23:59:00";"00:01:00";"23:59:00";"00:01:00";"23:59:00";"00:01:00";"23:59:00";"00:01:00";"23:59:00";"00:01:00";"23:59:00";"1";NULL;NULL
"209";"McDonald's";"145.0064538";"-37.8300494";"Burnley Street Richmond 3121";"Richmond";"3121";"1";"0";"0";"1";"1";"Restaurant";"1";"1";"Not determined";NULL;"0";"00:01:00";"23:59:00";"00:01:00";"23:59:00";"00:01:00";"23:59:00";"00:01:00";"23:59:00";"00:01:00";"23:59:00";"00:01:00";"23:59:00";"00:01:00";"23:59:00";"1";NULL;NULL
"210";"McDonald's";"145.0118472";"-37.8196041";"McDonald's Bridge Road Richmond 3121";"Richmond";"3121";"1";"0";"1";"1";"1";"Restaurant";"1";"1";"Not determined";NULL;"0";"00:01:00";"23:59:00";"00:01:00";"23:59:00";"00:01:00";"23:59:00";"00:01:00";"23:59:00";"00:01:00";"23:59:00";"00:01:00";"23:59:00";"00:01:00";"23:59:00";"1";NULL;NULL
"211";"McDonald's";"145.0956739";"-37.9007001";"Cnr Poath &, North Rd, Oakleigh VIC 3166";"Oakleigh";"3166";"1";"1";"1";"0";"1";"Restaurant";"1";"1";"Not determined";NULL;"0";"00:01:00";"23:59:00";"00:01:00";"23:59:00";"00:01:00";"23:59:00";"00:01:00";"23:59:00";"00:01:00";"23:59:00";"00:01:00";"23:59:00";"00:01:00";"23:59:00";"1";NULL;NULL
"212";"McDonald's";"145.0910039";"-37.8758306";"McDonald's Batesford Road Holmesglen Malvern East 3148";"Malvern East";"3148";"1";"1";"0";"0";"0";"Restaurant";"1";"1";"Not determined";NULL;"0";"00:01:00";"23:59:00";"00:01:00";"23:59:00";"00:01:00";"23:59:00";"00:01:00";"23:59:00";"00:01:00";"23:59:00";"00:01:00";"23:59:00";"00:01:00";"23:59:00";"1";NULL;NULL
"213";"McDonald's";"145.0921745";"-37.9248257";"661/663 Warrigal Rd Oakleigh South 3167";"Oakleigh South";"3167";"1";"1";"0";"0";"1";"Restaurant";"1";"1";"Not determined";NULL;"0";"00:01:00";"23:59:00";"00:01:00";"23:59:00";"00:01:00";"23:59:00";"00:01:00";"23:59:00";"00:01:00";"23:59:00";"00:01:00";"23:59:00";"00:01:00";"23:59:00";"1";NULL;NULL
"214";"McDonald's";"144.9776625";"-37.8668249";"McDonald's McDonald's Drive Thru St Kilda 3182";"St Kilda";"3182";"1";"1";"1";"0";"0";"Restaurant";"1";"1";"Not determined";NULL;"0";"00:01:00";"23:59:00";"00:01:00";"23:59:00";"00:01:00";"23:59:00";"00:01:00";"23:59:00";"00:01:00";"23:59:00";"00:01:00";"23:59:00";"00:01:00";"23:59:00";"1";NULL;NULL
"215";"McDonald's";"144.9958807";"-37.838172";"Chapel Street South Yarra 3165";"South Yarra";"3165";"1";"1";"1";"1";"0";"Restaurant";"1";"1";"Not determined";NULL;"0";"00:01:00";"23:59:00";"00:01:00";"23:59:00";"00:01:00";"23:59:00";"00:01:00";"23:59:00";"00:01:00";"23:59:00";"00:01:00";"23:59:00";"00:01:00";"23:59:00";"1";NULL;NULL
"216";"McDonald's";"145.0977266";"-37.8509208";"McDonald's 52 Burwood Highway Burwood 3125";"Burwood";"3125";"1";"1";"1";"1";"1";"Restaurant";"1";"1";"Not determined";NULL;"0";"00:01:00";"23:59:00";"00:01:00";"23:59:00";"00:01:00";"23:59:00";"00:01:00";"23:59:00";"00:01:00";"23:59:00";"00:01:00";"23:59:00";"00:01:00";"23:59:00";"1";NULL;NULL
"217";"McDonald's";"145.1888144";"-37.9350173";"Cnr Wellington Road &, Springvale Rd, Mulgrave 3170";"Mulgrave";"3170";"1";"1";"0";"1";"1";"Restaurant";"1";"1";"Not determined";NULL;"0";"00:01:00";"23:59:00";"00:01:00";"23:59:00";"00:01:00";"23:59:00";"00:01:00";"23:59:00";"00:01:00";"23:59:00";"00:01:00";"23:59:00";"00:01:00";"23:59:00";"1";NULL;NULL
"218";"McDonald's";"145.0543836";"-37.9592305";"McDonald's Southland Service Road Cheltenham 3192";"Cheltenham";"3192";"1";"0";"0";"0";"0";"Restaurant";"1";"1";"Not determined";NULL;"0";"00:01:00";"23:59:00";"00:01:00";"23:59:00";"00:01:00";"23:59:00";"00:01:00";"23:59:00";"00:01:00";"23:59:00";"00:01:00";"23:59:00";"00:01:00";"23:59:00";"1";NULL;NULL
"219";"McDonald's";"144.9570188";"-37.8334603";"Cnr City Road &, Clarendon St, South Melbourne VIC 3205";"South Melbourne";"3205";"1";"1";"1";"1";"1";"Restaurant";"1";"1";"Not determined";NULL;"0";"00:01:00";"23:59:00";"00:01:00";"23:59:00";"00:01:00";"23:59:00";"00:01:00";"23:59:00";"00:01:00";"23:59:00";"00:01:00";"23:59:00";"00:01:00";"23:59:00";"1";NULL;NULL
"220";"McDonald's";"144.9832611";"-37.8556188";"St Kilda Road St Kilda 3182";"St Kilda";"3182";"1";"0";"0";"0";"0";"Restaurant";"1";"1";"Not determined";NULL;"0";"00:01:00";"23:59:00";"00:01:00";"23:59:00";"00:01:00";"23:59:00";"00:01:00";"23:59:00";"00:01:00";"23:59:00";"00:01:00";"23:59:00";"00:01:00";"23:59:00";"1";NULL;NULL
"221";"McDonald's";"144.9829673";"-37.8084092";"McDonald's 2-4 Smith Street Fitzroy 3066";"Fitzroy";"3066";"1";"1";"0";"0";"1";"Restaurant";"1";"1";"Not determined";NULL;"0";"00:01:00";"23:59:00";"00:01:00";"23:59:00";"00:01:00";"23:59:00";"00:01:00";"23:59:00";"00:01:00";"23:59:00";"00:01:00";"23:59:00";"00:01:00";"23:59:00";"1";NULL;NULL
"222";"McDonald's";"145.1249765";"-37.9136981";"McDonald's 1736 Princes Highway Service Road Clayton 3800";"Clayton";"3168";"1";"1";"0";"0";"0";"Restaurant";"1";"1";"Not determined";NULL;"0";"00:01:00";"23:59:00";"00:01:00";"23:59:00";"00:01:00";"23:59:00";"00:01:00";"23:59:00";"00:01:00";"23:59:00";"00:01:00";"23:59:00";"00:01:00";"23:59:00";"1";NULL;NULL
"223";"McDonald's";"145.0848269";"-37.8134548";"McDonald's Whitehorse Road Balwyn 3103";"Balwyn";"3103";"1";"1";"0";"1";"0";"Restaurant";"1";"1";"Not determined";NULL;"0";"00:01:00";"23:59:00";"00:01:00";"23:59:00";"00:01:00";"23:59:00";"00:01:00";"23:59:00";"00:01:00";"23:59:00";"00:01:00";"23:59:00";"00:01:00";"23:59:00";"1";NULL;NULL
"224";"McDonald's";"144.9039125";"-37.7423242";"McDonald's Keilor Road Essendon North 3040";"Essendon North";"3040";"1";"0";"1";"0";"1";"Restaurant";"1";"1";"Not determined";NULL;"0";"00:01:00";"23:59:00";"00:01:00";"23:59:00";"00:01:00";"23:59:00";"00:01:00";"23:59:00";"00:01:00";"23:59:00";"00:01:00";"23:59:00";"00:01:00";"23:59:00";"1";NULL;NULL
"225";"McDonald's";"144.99357";"-37.7970007";"Hoddle Street Abbotsford 3067";"Abbotsford";"3067";"1";"0";"0";"0";"1";"Restaurant";"1";"1";"Not determined";NULL;"0";"00:01:00";"23:59:00";"00:01:00";"23:59:00";"00:01:00";"23:59:00";"00:01:00";"23:59:00";"00:01:00";"23:59:00";"00:01:00";"23:59:00";"00:01:00";"23:59:00";"1";NULL;NULL
"226";"McDonald's";"144.9617749";"-37.8144293";"McDonald's Bourke Street West Bourke Street Melbourne City 3000";"Melbourne City";"3000";"1";"0";"1";"1";"1";"Restaurant";"1";"1";"Not determined";NULL;"0";"00:01:00";"23:59:00";"00:01:00";"23:59:00";"00:01:00";"23:59:00";"00:01:00";"23:59:00";"00:01:00";"23:59:00";"00:01:00";"23:59:00";"00:01:00";"23:59:00";"1";NULL;NULL
